# Blender 4.5.4 LTS
# www.blender.org
mtllib gia2.mtl
o 円柱.006
v 0.225619 0.482399 0.129302
v 0.225619 0.516507 0.129302
v 0.195023 0.482399 0.172248
v 0.195023 0.516507 0.172248
v 0.156901 0.482399 0.208521
v 0.156901 0.516507 0.208521
v 0.112719 0.482399 0.236726
v 0.112719 0.516507 0.236726
v 0.064175 0.482399 0.255779
v 0.064175 0.516507 0.255779
v 0.013134 0.482399 0.264948
v 0.013134 0.516507 0.264948
v -0.038443 0.482398 0.263881
v -0.038443 0.516506 0.263881
v -0.088573 0.482398 0.252618
v -0.088573 0.516506 0.252618
v -0.135330 0.482398 0.231593
v -0.135329 0.516506 0.231593
v -0.176917 0.482397 0.201613
v -0.176916 0.516506 0.201613
v -0.211735 0.482397 0.163830
v -0.211735 0.516505 0.163830
v -0.238448 0.482397 0.119697
v -0.238448 0.516505 0.119697
v -0.256028 0.482397 0.070910
v -0.256028 0.516505 0.070910
v -0.263800 0.482396 0.019343
v -0.263800 0.516505 0.019343
v -0.261464 0.482396 -0.033022
v -0.261464 0.516505 -0.033022
v -0.249112 0.482396 -0.084173
v -0.249112 0.516504 -0.084173
v -0.227217 0.482396 -0.132143
v -0.227217 0.516504 -0.132143
v -0.196621 0.482396 -0.175090
v -0.196621 0.516414 -0.175090
v -0.158499 0.482396 -0.211363
v -0.158499 0.516144 -0.211363
v -0.114318 0.482396 -0.239568
v -0.114317 0.516144 -0.239568
v -0.065773 0.482397 -0.258621
v -0.065773 0.516415 -0.258621
v -0.014732 0.482397 -0.267790
v -0.014732 0.516505 -0.267790
v 0.036844 0.482397 -0.266722
v 0.036844 0.516505 -0.266722
v 0.086974 0.482397 -0.255460
v 0.086974 0.516506 -0.255460
v 0.133731 0.482398 -0.234434
v 0.133731 0.516506 -0.234434
v 0.175318 0.482398 -0.204454
v 0.175318 0.516506 -0.204454
v 0.210137 0.482398 -0.166672
v 0.210137 0.516506 -0.166672
v 0.236850 0.482399 -0.122539
v 0.236850 0.516507 -0.122539
v 0.254430 0.482399 -0.073752
v 0.254430 0.516507 -0.073752
v 0.262201 0.482399 -0.022185
v 0.262202 0.516507 -0.022185
v 0.259866 0.482399 0.030180
v 0.259866 0.516507 0.030181
v 0.247514 0.482399 0.081331
v 0.247514 0.516507 0.081331
v 0.271253 0.482400 0.155649
v 0.234490 0.482399 0.207251
v 0.188685 0.482399 0.250835
v 0.135599 0.482399 0.284725
v 0.077271 0.482399 0.307618
v 0.015942 0.482399 0.318635
v -0.046030 0.482398 0.317352
v -0.106263 0.482398 0.303819
v -0.162444 0.482398 0.278556
v -0.212413 0.482397 0.242534
v -0.254249 0.482397 0.197137
v -0.286346 0.482397 0.144109
v -0.307469 0.482396 0.085488
v -0.316807 0.482396 0.023528
v -0.314001 0.482396 -0.039391
v -0.299159 0.482396 -0.100851
v -0.272851 0.482396 -0.158490
v -0.236088 0.482396 -0.210093
v -0.190284 0.482396 -0.253677
v -0.137197 0.482396 -0.287566
v -0.078869 0.482396 -0.310459
v -0.017540 0.482397 -0.321476
v 0.044432 0.482397 -0.320194
v 0.104665 0.482397 -0.306661
v 0.160846 0.482398 -0.281398
v 0.210815 0.482398 -0.245376
v 0.252651 0.482398 -0.199978
v 0.284748 0.482399 -0.146950
v 0.305871 0.482399 -0.088330
v 0.315209 0.482399 -0.026369
v 0.312403 0.482399 0.036550
v 0.297561 0.482399 0.098010
v 0.271253 0.516513 0.155649
v 0.234490 0.516513 0.207251
v 0.188685 0.516513 0.250835
v 0.135599 0.516513 0.284725
v 0.077271 0.516513 0.307618
v 0.015942 0.516513 0.318635
v -0.046030 0.516512 0.317352
v -0.106263 0.516512 0.303819
v -0.162444 0.516512 0.278556
v -0.212413 0.516511 0.242534
v -0.254249 0.516511 0.197137
v -0.286346 0.516511 0.144109
v -0.307469 0.516510 0.085488
v -0.316807 0.516510 0.023528
v -0.314001 0.516510 -0.039391
v -0.299159 0.516510 -0.100851
v -0.272851 0.516510 -0.158490
v -0.236088 0.516420 -0.210093
v -0.190284 0.516059 -0.253677
v -0.137197 0.516059 -0.287566
v -0.078869 0.516420 -0.310459
v -0.017540 0.516511 -0.321476
v 0.044432 0.516511 -0.320194
v 0.104665 0.516511 -0.306661
v 0.160846 0.516512 -0.281398
v 0.210815 0.516512 -0.245376
v 0.252651 0.516512 -0.199978
v 0.284748 0.516513 -0.146950
v 0.305871 0.516513 -0.088330
v 0.315209 0.516513 -0.026369
v 0.312403 0.516513 0.036550
v 0.297561 0.516513 0.098010
v 0.277955 0.512416 0.158725
v 0.239540 0.512416 0.212647
v 0.193653 0.512416 0.256309
v 0.138180 0.512416 0.291722
v 0.079747 0.512416 0.314656
v 0.015662 0.512418 0.326169
v -0.046421 0.512418 0.324884
v -0.109362 0.512418 0.310743
v -0.165644 0.512418 0.285434
v -0.217859 0.512418 0.247793
v -0.259771 0.512418 0.202313
v -0.293310 0.512419 0.146902
v -0.314471 0.512419 0.088176
v -0.324229 0.512420 0.023431
v -0.321418 0.512420 -0.039602
v -0.305909 0.512420 -0.103824
v -0.279553 0.512420 -0.161567
v -0.241138 0.512355 -0.215488
v -0.195251 0.512009 -0.259151
v -0.139778 0.512008 -0.294563
v -0.081345 0.512355 -0.317498
v -0.017260 0.512418 -0.329010
v 0.044823 0.512418 -0.327725
v 0.107764 0.512418 -0.313584
v 0.164046 0.512418 -0.288276
v 0.216260 0.512417 -0.250634
v 0.258173 0.512418 -0.205155
v 0.291712 0.512417 -0.149744
v 0.312873 0.512417 -0.091018
v 0.322631 0.512416 -0.026273
v 0.319820 0.512416 0.036760
v 0.304311 0.512416 0.100982
v 0.277955 0.486489 0.158725
v 0.239540 0.486489 0.212647
v 0.193653 0.486489 0.256309
v 0.138180 0.486490 0.291722
v 0.079747 0.486489 0.314656
v 0.015662 0.486491 0.326169
v -0.046422 0.486491 0.324884
v -0.109362 0.486491 0.310743
v -0.165644 0.486491 0.285434
v -0.217859 0.486492 0.247793
v -0.259771 0.486491 0.202313
v -0.293310 0.486492 0.146902
v -0.314471 0.486492 0.088176
v -0.324229 0.486494 0.023431
v -0.321418 0.486493 -0.039602
v -0.305909 0.486494 -0.103824
v -0.279553 0.486494 -0.161567
v -0.241138 0.486494 -0.215488
v -0.195251 0.486429 -0.259151
v -0.139779 0.486428 -0.294563
v -0.081345 0.486493 -0.317498
v -0.017260 0.486491 -0.329010
v 0.044823 0.486492 -0.327725
v 0.107764 0.486491 -0.313584
v 0.164046 0.486492 -0.288276
v 0.216260 0.486491 -0.250634
v 0.258173 0.486491 -0.205155
v 0.291712 0.486490 -0.149744
v 0.312873 0.486491 -0.091018
v 0.322631 0.486489 -0.026273
v 0.319820 0.486489 0.036760
v 0.304311 0.486489 0.100982
v 0.318445 0.490902 0.159614
v 0.318445 0.507959 0.159614
v 0.253390 0.490903 0.250931
v 0.253390 0.507960 0.250931
v 0.230340 0.490903 0.272863
v 0.230340 0.507960 0.272863
v 0.136397 0.490907 0.332834
v 0.136397 0.507964 0.332834
v 0.107045 0.490907 0.344355
v 0.107045 0.507964 0.344355
v -0.001482 0.490921 0.363850
v -0.001482 0.507978 0.363850
v -0.032667 0.490921 0.363205
v -0.032667 0.507978 0.363205
v -0.139257 0.490925 0.339257
v -0.139257 0.507982 0.339257
v -0.167528 0.490924 0.326544
v -0.167528 0.507981 0.326544
v -0.255953 0.490931 0.262799
v -0.255953 0.507987 0.262799
v -0.277006 0.490930 0.239954
v -0.277006 0.507987 0.239954
v -0.333804 0.490938 0.146116
v -0.333804 0.507995 0.146116
v -0.344434 0.490938 0.116616
v -0.344434 0.507995 0.116616
v -0.360959 0.490948 0.006971
v -0.360959 0.508004 0.006971
v -0.359547 0.490947 -0.024691
v -0.359547 0.508004 -0.024691
v -0.333282 0.490950 -0.133451
v -0.333282 0.508007 -0.133451
v -0.320043 0.490950 -0.162456
v -0.320043 0.508007 -0.162456
v -0.254988 0.490927 -0.253772
v -0.254988 0.507893 -0.253772
v -0.231938 0.490837 -0.275705
v -0.231938 0.507713 -0.275705
v -0.137996 0.490833 -0.335676
v -0.137996 0.507709 -0.335676
v -0.108644 0.490923 -0.347196
v -0.108643 0.507890 -0.347196
v -0.000117 0.490932 -0.366692
v -0.000117 0.507989 -0.366692
v 0.031069 0.490932 -0.366046
v 0.031069 0.507989 -0.366046
v 0.137659 0.490928 -0.342099
v 0.137659 0.507985 -0.342099
v 0.165930 0.490928 -0.329386
v 0.165930 0.507985 -0.329386
v 0.254355 0.490922 -0.265641
v 0.254355 0.507979 -0.265641
v 0.275408 0.490922 -0.242795
v 0.275408 0.507979 -0.242795
v 0.332206 0.490915 -0.148957
v 0.332206 0.507972 -0.148957
v 0.342836 0.490915 -0.119458
v 0.342836 0.507972 -0.119458
v 0.359361 0.490905 -0.009813
v 0.359361 0.507962 -0.009813
v 0.357949 0.490905 0.021849
v 0.357949 0.507962 0.021850
v 0.331684 0.490902 0.130609
v 0.331684 0.507959 0.130609
v 0.187286 0.482399 0.134170
v 0.264058 0.516512 0.151494
v 0.187287 0.516504 0.134170
v 0.228267 0.516512 0.201732
v 0.156676 0.482399 0.169458
v 0.156676 0.516504 0.169458
v 0.183674 0.516512 0.244163
v 0.120015 0.482399 0.198179
v 0.120015 0.516504 0.198180
v 0.131991 0.516512 0.277157
v 0.078710 0.482399 0.219230
v 0.078710 0.516504 0.219230
v 0.075206 0.516512 0.299444
v 0.034350 0.482399 0.231802
v 0.034350 0.516504 0.231802
v 0.015499 0.516512 0.310170
v -0.011361 0.482398 0.235411
v -0.011361 0.516503 0.235411
v -0.044833 0.516511 0.308921
v -0.056666 0.482398 0.229918
v -0.056666 0.516503 0.229918
v -0.103474 0.516511 0.295746
v -0.099824 0.482398 0.215536
v -0.099824 0.516503 0.215536
v -0.158169 0.516511 0.271152
v -0.139176 0.482398 0.192815
v -0.139176 0.516503 0.192815
v -0.206816 0.516510 0.236082
v -0.173211 0.482397 0.162631
v -0.173211 0.516502 0.162631
v -0.247546 0.516510 0.191885
v -0.200620 0.482397 0.126142
v -0.200620 0.516502 0.126142
v -0.278794 0.516510 0.140260
v -0.220350 0.482397 0.084751
v -0.220350 0.516502 0.084751
v -0.299358 0.516509 0.083190
v -0.231643 0.482397 0.040048
v -0.231643 0.516502 0.040048
v -0.308449 0.516509 0.022868
v -0.234065 0.482397 -0.006248
v -0.234065 0.516502 -0.006248
v -0.305718 0.516509 -0.038387
v -0.227522 0.482396 -0.052359
v -0.227522 0.516501 -0.052359
v -0.291268 0.516509 -0.098221
v -0.212267 0.482396 -0.096512
v -0.212267 0.516501 -0.096512
v -0.265656 0.516509 -0.154336
v -0.188885 0.482396 -0.137011
v -0.188885 0.516484 -0.137011
v -0.229865 0.516418 -0.204574
v -0.158275 0.482396 -0.172300
v -0.158275 0.516301 -0.172300
v -0.185272 0.516073 -0.247005
v -0.121613 0.482397 -0.201021
v -0.121613 0.516136 -0.201021
v -0.133589 0.516073 -0.279998
v -0.080308 0.482397 -0.222072
v -0.080308 0.516302 -0.222072
v -0.076804 0.516419 -0.302286
v -0.035948 0.482397 -0.234643
v -0.035948 0.516484 -0.234643
v -0.017098 0.516510 -0.313011
v 0.009763 0.482397 -0.238252
v 0.009763 0.516502 -0.238252
v 0.043235 0.516510 -0.311763
v 0.055068 0.482397 -0.232760
v 0.055068 0.516502 -0.232760
v 0.101876 0.516510 -0.298588
v 0.098226 0.482398 -0.218377
v 0.098226 0.516503 -0.218377
v 0.156571 0.516511 -0.273993
v 0.137578 0.482398 -0.195657
v 0.137578 0.516503 -0.195657
v 0.205218 0.516511 -0.238923
v 0.171613 0.482398 -0.165472
v 0.171613 0.516503 -0.165472
v 0.245948 0.516511 -0.194727
v 0.199022 0.482398 -0.128983
v 0.199022 0.516503 -0.128983
v 0.277196 0.516512 -0.143101
v 0.218752 0.482399 -0.087592
v 0.218752 0.516504 -0.087592
v 0.297760 0.516512 -0.086031
v 0.230045 0.482399 -0.042890
v 0.230045 0.516504 -0.042890
v 0.306851 0.516512 -0.025710
v 0.232467 0.482399 0.003407
v 0.232467 0.516504 0.003407
v 0.304119 0.516512 0.035545
v 0.225924 0.516504 0.049518
v 0.210669 0.516504 0.093671
v 0.225924 0.482399 0.049518
v 0.289670 0.516512 0.095380
v 0.210669 0.482399 0.093671
v 0.264058 0.482399 0.151494
v 0.228267 0.482399 0.201732
v 0.183674 0.482399 0.244163
v 0.131991 0.482399 0.277156
v 0.075206 0.482399 0.299444
v 0.015499 0.482399 0.310170
v -0.044833 0.482398 0.308921
v -0.103474 0.482398 0.295746
v -0.158169 0.482398 0.271152
v -0.206816 0.482397 0.236082
v -0.247546 0.482397 0.191885
v -0.278794 0.482397 0.140260
v -0.299358 0.482396 0.083190
v -0.308449 0.482396 0.022868
v -0.305718 0.482396 -0.038387
v -0.291268 0.482396 -0.098221
v -0.265656 0.482396 -0.154336
v -0.229865 0.482396 -0.204574
v -0.185272 0.482396 -0.247005
v -0.133590 0.482396 -0.279998
v -0.076804 0.482396 -0.302286
v -0.017098 0.482397 -0.313011
v 0.043235 0.482397 -0.311763
v 0.101876 0.482397 -0.298588
v 0.156571 0.482398 -0.273993
v 0.205218 0.482398 -0.238923
v 0.245948 0.482398 -0.194727
v 0.277195 0.482399 -0.143101
v 0.297760 0.482399 -0.086031
v 0.306851 0.482399 -0.025710
v 0.304119 0.482399 0.035545
v 0.289670 0.482399 0.095380
v 0.285786 0.482400 0.127449
v 0.306460 0.482399 0.067612
v 0.315327 0.482399 0.005122
v 0.312045 0.482399 -0.057620
v 0.296741 0.482399 -0.118202
v 0.270002 0.482399 -0.174296
v 0.232857 0.482398 -0.223747
v 0.186732 0.482398 -0.264653
v 0.133401 0.482398 -0.295444
v 0.074913 0.482397 -0.314936
v 0.013514 0.482397 -0.322379
v -0.048434 0.482397 -0.317489
v -0.108551 0.482396 -0.300451
v -0.164528 0.482396 -0.271923
v -0.214213 0.482396 -0.232999
v -0.255696 0.482396 -0.185176
v -0.287384 0.482396 -0.130291
v -0.308059 0.482396 -0.070453
v -0.316925 0.482396 -0.007963
v -0.313643 0.482396 0.054778
v -0.298339 0.482397 0.115360
v -0.271601 0.482397 0.171454
v -0.234455 0.482397 0.220905
v -0.188331 0.482398 0.261812
v -0.134999 0.482398 0.292603
v -0.076511 0.482398 0.312094
v -0.015113 0.482399 0.319538
v 0.046836 0.482399 0.314647
v 0.106953 0.482399 0.297610
v 0.162930 0.482399 0.269081
v 0.212615 0.482399 0.230157
v 0.254098 0.482400 0.182334
v 0.271945 0.516091 0.155967
v 0.235012 0.516091 0.207809
v 0.189199 0.516091 0.251401
v 0.135866 0.516091 0.285448
v 0.077526 0.516091 0.308345
v 0.015913 0.516091 0.319413
v -0.046070 0.516090 0.318130
v -0.106583 0.516090 0.304535
v -0.162775 0.516090 0.279267
v -0.212975 0.516090 0.243078
v -0.254820 0.516089 0.197671
v -0.287065 0.516089 0.144398
v -0.308193 0.516089 0.085766
v -0.317574 0.516089 0.023518
v -0.314768 0.516089 -0.039413
v -0.299857 0.516089 -0.101158
v -0.273544 0.516089 -0.158808
v -0.236610 0.516001 -0.210650
v -0.190797 0.515641 -0.254242
v -0.137464 0.515642 -0.288289
v -0.079124 0.516001 -0.311187
v -0.017512 0.516089 -0.322255
v 0.044472 0.516089 -0.320972
v 0.104985 0.516090 -0.307376
v 0.161177 0.516090 -0.282108
v 0.211377 0.516090 -0.245919
v 0.253222 0.516091 -0.200513
v 0.285467 0.516091 -0.147239
v 0.306595 0.516091 -0.088607
v 0.315976 0.516091 -0.026360
v 0.313169 0.516091 0.036572
v 0.298258 0.516091 0.098317
v 0.285786 0.516513 0.127449
v 0.306460 0.516513 0.067612
v 0.315327 0.516513 0.005122
v 0.312045 0.516513 -0.057620
v 0.296741 0.516513 -0.118202
v 0.270002 0.516512 -0.174296
v 0.232857 0.516512 -0.223747
v 0.186733 0.516512 -0.264653
v 0.133401 0.516511 -0.295444
v 0.074913 0.516511 -0.314936
v 0.013514 0.516511 -0.322379
v -0.048434 0.516499 -0.317489
v -0.108551 0.516239 -0.300451
v -0.164528 0.515991 -0.271923
v -0.214213 0.516239 -0.232999
v -0.255696 0.516499 -0.185176
v -0.287384 0.516510 -0.130291
v -0.308059 0.516510 -0.070453
v -0.316925 0.516510 -0.007963
v -0.313643 0.516510 0.054778
v -0.298339 0.516510 0.115360
v -0.271601 0.516511 0.171454
v -0.234455 0.516511 0.220905
v -0.188331 0.516511 0.261812
v -0.134999 0.516512 0.292603
v -0.076511 0.516512 0.312094
v -0.015113 0.516512 0.319538
v 0.046836 0.516513 0.314647
v 0.106953 0.516513 0.297610
v 0.162930 0.516513 0.269081
v 0.212615 0.516513 0.230157
v 0.254098 0.516513 0.182334
v 0.275974 0.499451 0.167010
v 0.246702 0.499451 0.208097
v 0.188715 0.499451 0.263273
v 0.146446 0.499452 0.290256
v 0.072604 0.499452 0.319238
v 0.023773 0.499454 0.328010
v -0.054682 0.499454 0.326387
v -0.102641 0.499455 0.315612
v -0.173764 0.499454 0.283629
v -0.213550 0.499455 0.254948
v -0.266514 0.499455 0.197476
v -0.292070 0.499456 0.155254
v -0.318812 0.499456 0.081042
v -0.326247 0.499458 0.031708
v -0.322695 0.499458 -0.047946
v -0.310877 0.499458 -0.096882
v -0.277572 0.499458 -0.169851
v -0.248301 0.499451 -0.210938
v -0.190313 0.499194 -0.266114
v -0.148044 0.499193 -0.293098
v -0.074202 0.499451 -0.322080
v -0.025371 0.499455 -0.330852
v 0.053084 0.499455 -0.329228
v 0.101043 0.499455 -0.318453
v 0.172166 0.499455 -0.286471
v 0.211952 0.499454 -0.257789
v 0.264916 0.499454 -0.200317
v 0.290472 0.499453 -0.158095
v 0.317213 0.499453 -0.083883
v 0.324649 0.499451 -0.034549
v 0.321096 0.499452 0.045105
v 0.309279 0.499451 0.094040
v 0.255381 0.511168 0.183259
v 0.218792 0.515665 0.236861
v 0.163754 0.511168 0.270442
v 0.110072 0.515665 0.306266
v 0.047075 0.511168 0.316237
v -0.015527 0.515668 0.328829
v -0.076892 0.511167 0.313672
v -0.138884 0.515668 0.301114
v -0.189274 0.511167 0.263136
v -0.241219 0.515669 0.227341
v -0.272963 0.511167 0.172324
v -0.306952 0.515670 0.118741
v -0.315217 0.511166 0.055061
v -0.326076 0.515671 -0.008153
v -0.309604 0.511166 -0.070801
v -0.295680 0.515672 -0.134021
v -0.256979 0.511159 -0.186100
v -0.220390 0.515408 -0.239702
v -0.165352 0.510723 -0.273284
v -0.111670 0.515407 -0.309108
v -0.048673 0.511160 -0.319079
v 0.013929 0.515669 -0.331670
v 0.075294 0.511167 -0.316513
v 0.137286 0.515668 -0.303955
v 0.187676 0.511167 -0.265978
v 0.239621 0.515668 -0.230182
v 0.271365 0.511168 -0.175166
v 0.305354 0.515667 -0.121582
v 0.313619 0.511168 -0.057903
v 0.324478 0.515665 0.005311
v 0.308006 0.511168 0.067959
v 0.294082 0.515665 0.131180
v 0.271945 0.482821 0.155967
v 0.235012 0.482821 0.207809
v 0.189198 0.482821 0.251401
v 0.135866 0.482821 0.285448
v 0.077526 0.482820 0.308345
v 0.015913 0.482820 0.319413
v -0.046070 0.482820 0.318130
v -0.106583 0.482820 0.304535
v -0.162775 0.482819 0.279267
v -0.212975 0.482819 0.243078
v -0.254820 0.482819 0.197671
v -0.287065 0.482819 0.144398
v -0.308193 0.482818 0.085766
v -0.317574 0.482818 0.023518
v -0.314768 0.482818 -0.039413
v -0.299857 0.482818 -0.101158
v -0.273544 0.482818 -0.158808
v -0.236610 0.482818 -0.210650
v -0.190797 0.482811 -0.254242
v -0.137464 0.482812 -0.288289
v -0.079124 0.482818 -0.311187
v -0.017512 0.482819 -0.322255
v 0.044472 0.482819 -0.320972
v 0.104985 0.482819 -0.307376
v 0.161177 0.482819 -0.282108
v 0.211377 0.482820 -0.245919
v 0.253222 0.482820 -0.200513
v 0.285467 0.482820 -0.147239
v 0.306594 0.482820 -0.088607
v 0.315976 0.482821 -0.026360
v 0.313169 0.482821 0.036572
v 0.298258 0.482821 0.098317
v 0.294082 0.483237 0.131180
v 0.308006 0.487743 0.067959
v 0.324478 0.483238 0.005311
v 0.313619 0.487743 -0.057903
v 0.305354 0.483240 -0.121582
v 0.271365 0.487743 -0.175166
v 0.239621 0.483241 -0.230182
v 0.187676 0.487742 -0.265978
v 0.137286 0.483241 -0.303955
v 0.075293 0.487742 -0.316513
v 0.013929 0.483242 -0.331670
v -0.048673 0.487742 -0.319079
v -0.111670 0.483237 -0.309108
v -0.165352 0.487657 -0.273284
v -0.220391 0.483238 -0.239702
v -0.256979 0.487741 -0.186100
v -0.295680 0.483245 -0.134021
v -0.309604 0.487741 -0.070801
v -0.326076 0.483244 -0.008153
v -0.315217 0.487741 0.055061
v -0.306952 0.483243 0.118741
v -0.272963 0.487742 0.172324
v -0.241219 0.483242 0.227341
v -0.189274 0.487742 0.263136
v -0.138884 0.483241 0.301114
v -0.076892 0.487743 0.313672
v -0.015527 0.483241 0.328829
v 0.047075 0.487743 0.316237
v 0.110072 0.483238 0.306266
v 0.163754 0.487743 0.270442
v 0.218792 0.483238 0.236861
v 0.255381 0.487743 0.183259
v 0.319830 0.499429 0.164068
v 0.258027 0.499429 0.250819
v 0.229926 0.499429 0.277557
v 0.140680 0.499434 0.334531
v 0.104895 0.499434 0.348576
v 0.001794 0.499449 0.367097
v -0.036226 0.499449 0.366310
v -0.137487 0.499453 0.343559
v -0.171954 0.499453 0.328061
v -0.255958 0.499459 0.267502
v -0.281625 0.499459 0.239651
v -0.335584 0.499467 0.150503
v -0.348543 0.499467 0.114540
v -0.364241 0.499478 0.010376
v -0.362520 0.499478 -0.028225
v -0.337568 0.499481 -0.131548
v -0.321428 0.499481 -0.166909
v -0.259625 0.499427 -0.253661
v -0.231524 0.499262 -0.280399
v -0.142278 0.499257 -0.337372
v -0.106494 0.499423 -0.351417
v -0.003392 0.499461 -0.369938
v 0.034628 0.499461 -0.369151
v 0.135889 0.499456 -0.346401
v 0.170355 0.499457 -0.330902
v 0.254360 0.499450 -0.270343
v 0.280027 0.499450 -0.242492
v 0.333986 0.499443 -0.153345
v 0.346945 0.499443 -0.117381
v 0.362643 0.499432 -0.013217
v 0.360922 0.499432 0.025383
v 0.335970 0.499428 0.128706
v 0.243976 0.509827 0.264188
v 0.122788 0.509831 0.341553
v -0.017216 0.509846 0.366703
v -0.154720 0.509850 0.335810
v -0.268791 0.509857 0.253576
v -0.342063 0.509864 0.132522
v -0.363381 0.509875 -0.008925
v -0.329498 0.509878 -0.149228
v -0.245574 0.509659 -0.267030
v -0.124386 0.509655 -0.344395
v 0.015618 0.509858 -0.369545
v 0.153122 0.509854 -0.338651
v 0.267193 0.509847 -0.256418
v 0.340465 0.509840 -0.135363
v 0.361782 0.509829 0.006083
v 0.327900 0.509826 0.146387
v 0.327900 0.489031 0.146387
v 0.361782 0.489034 0.006083
v 0.340465 0.489046 -0.135363
v 0.267193 0.489053 -0.256418
v 0.153122 0.489059 -0.338651
v 0.015618 0.489064 -0.369545
v -0.124386 0.489025 -0.344395
v -0.245574 0.489029 -0.267030
v -0.329498 0.489083 -0.149228
v -0.363381 0.489080 -0.008925
v -0.342063 0.489070 0.132522
v -0.268791 0.489062 0.253576
v -0.154720 0.489056 0.335810
v -0.017216 0.489052 0.366703
v 0.122788 0.489037 0.341553
v 0.243976 0.489032 0.264188
v 0.136233 0.510498 0.316351
v 0.136233 0.488388 0.316351
v -0.137831 0.488320 -0.319193
v -0.098360 0.488408 -0.334684
v 0.342379 0.488387 0.026990
v 0.342379 0.510496 0.026990
v 0.096762 0.488388 0.331843
v 0.096762 0.510498 0.331843
v 0.267709 0.510507 -0.228079
v 0.239398 0.510507 -0.258800
v 0.320072 0.510495 0.119362
v 0.320072 0.488385 0.119362
v 0.004588 0.510507 0.348401
v 0.004588 0.488397 0.348401
v -0.248614 0.488411 -0.238765
v -0.217618 0.488322 -0.268258
v -0.037349 0.488397 0.347533
v -0.037349 0.510506 0.347533
v 0.330243 0.510503 -0.108712
v 0.315949 0.510503 -0.148380
v 0.216020 0.510495 0.265416
v 0.247016 0.510495 0.235923
v -0.127878 0.510509 0.327194
v -0.127878 0.488399 0.327194
v -0.321670 0.488415 -0.122203
v -0.303868 0.488415 -0.161208
v -0.165895 0.488399 0.310099
v -0.165895 0.510508 0.310098
v 0.344278 0.510496 -0.015588
v -0.240996 0.510512 0.255958
v -0.240996 0.488402 0.255958
v -0.345876 0.488413 0.012746
v -0.343977 0.488413 -0.029831
v -0.269307 0.488402 0.225238
v -0.269307 0.510512 0.225238
v 0.302269 0.510495 0.158366
v -0.317547 0.510517 0.145539
v -0.317547 0.488407 0.145539
v -0.331841 0.488407 0.105870
v -0.331841 0.510516 0.105870
v -0.345876 0.510523 0.012746
v -0.343977 0.510523 -0.029831
v -0.321670 0.510525 -0.122203
v -0.303867 0.510525 -0.161208
v -0.248614 0.510432 -0.238765
v 0.302269 0.488385 0.158366
v -0.217618 0.510169 -0.268258
v -0.137831 0.510167 -0.319193
v 0.344278 0.488387 -0.015588
v -0.098360 0.510430 -0.334684
v -0.006186 0.510513 -0.351243
v -0.006186 0.488403 -0.351243
v 0.247016 0.488385 0.235923
v 0.216020 0.488385 0.265416
v 0.315949 0.488393 -0.148380
v 0.330243 0.488393 -0.108712
v 0.035750 0.488403 -0.350375
v 0.035750 0.510513 -0.350375
v 0.126279 0.510510 -0.330035
v 0.126279 0.488401 -0.330035
v 0.239398 0.488397 -0.258800
v 0.267709 0.488397 -0.228079
v 0.164297 0.488401 -0.312940
v 0.164297 0.510511 -0.312940
v 0.245408 0.516512 0.176069
v 0.205339 0.516512 0.222262
v 0.157348 0.516512 0.259859
v 0.103279 0.516512 0.287415
v 0.045212 0.516512 0.303871
v -0.014625 0.516511 0.308595
v -0.073929 0.516511 0.301405
v -0.130424 0.516511 0.282578
v -0.181937 0.516510 0.252837
v -0.226489 0.516510 0.213325
v -0.262368 0.516510 0.165560
v -0.288195 0.516509 0.111379
v -0.302977 0.516509 0.052862
v -0.306147 0.516509 -0.007740
v -0.297583 0.516509 -0.068100
v -0.277613 0.516509 -0.125897
v -0.247006 0.516497 -0.178911
v -0.206937 0.516247 -0.225103
v -0.158946 0.516010 -0.262700
v -0.104878 0.516248 -0.290256
v -0.046810 0.516497 -0.306712
v 0.013026 0.516510 -0.311437
v 0.072331 0.516510 -0.304247
v 0.128826 0.516510 -0.285420
v 0.180339 0.516511 -0.255679
v 0.224891 0.516511 -0.216166
v 0.260770 0.516511 -0.168402
v 0.286597 0.516512 -0.114220
v 0.301379 0.516512 -0.055704
v 0.304549 0.516512 0.004899
v -0.000799 0.516478 -0.001421
v 0.295985 0.516512 0.065258
v 0.276015 0.516512 0.123055
v -0.000799 0.482398 -0.001421
v 0.276015 0.482399 0.123055
v 0.295985 0.482399 0.065258
v 0.304549 0.482399 0.004899
v 0.301379 0.482399 -0.055704
v 0.286597 0.482399 -0.114220
v 0.260770 0.482399 -0.168402
v 0.224891 0.482398 -0.216167
v 0.180339 0.482398 -0.255679
v 0.128826 0.482398 -0.285420
v 0.072331 0.482397 -0.304247
v 0.013026 0.482397 -0.311437
v -0.046810 0.482397 -0.306712
v -0.104878 0.482396 -0.290256
v -0.158946 0.482396 -0.262700
v -0.206937 0.482396 -0.225104
v -0.247006 0.482396 -0.178911
v -0.277613 0.482396 -0.125897
v -0.297583 0.482396 -0.068100
v -0.306147 0.482396 -0.007740
v -0.302977 0.482396 0.052862
v -0.288195 0.482397 0.111379
v -0.262368 0.482397 0.165560
v -0.226489 0.482397 0.213325
v -0.181937 0.482398 0.252837
v -0.130424 0.482398 0.282578
v -0.073929 0.482398 0.301405
v -0.014625 0.482399 0.308595
v 0.045211 0.482399 0.303871
v 0.103279 0.482399 0.287415
v 0.157348 0.482399 0.259859
v 0.205338 0.482399 0.222262
v 0.245407 0.482399 0.176069
v 0.286762 0.516361 0.127888
v 0.306732 0.515888 0.067673
v 0.316404 0.516361 0.005144
v 0.312322 0.515887 -0.057670
v 0.297755 0.516361 -0.118600
v 0.270242 0.515887 -0.174449
v 0.233653 0.516360 -0.224504
v 0.186898 0.515886 -0.264886
v 0.133858 0.516360 -0.296446
v 0.074979 0.515886 -0.315213
v 0.013563 0.516359 -0.323473
v -0.048476 0.515875 -0.317768
v -0.108918 0.516090 -0.301470
v -0.164673 0.515374 -0.272162
v -0.214940 0.516089 -0.233788
v -0.255921 0.515874 -0.185338
v -0.288360 0.516359 -0.130730
v -0.308330 0.515885 -0.070514
v -0.318002 0.516359 -0.007985
v -0.313920 0.515885 0.054828
v -0.299353 0.516359 0.115758
v -0.271840 0.515885 0.171607
v -0.235251 0.516360 0.221663
v -0.188496 0.515886 0.262044
v -0.135457 0.516360 0.293604
v -0.076578 0.515887 0.312371
v -0.015161 0.516361 0.320631
v 0.046878 0.515887 0.314926
v 0.107320 0.516361 0.298629
v 0.163075 0.515888 0.269320
v 0.213342 0.516361 0.230946
v 0.254323 0.515888 0.182496
v 0.256075 0.499455 0.183759
v 0.116684 0.514505 0.324615
v 0.164200 0.499455 0.271179
v 0.343876 0.514504 0.005712
v 0.047205 0.499455 0.317099
v -0.173030 0.499453 0.307314
v -0.077098 0.499455 0.314526
v -0.313265 0.484407 -0.141929
v -0.189785 0.499455 0.263854
v -0.121064 0.499454 0.330682
v -0.273701 0.499454 0.172795
v 0.231888 0.514503 0.251071
v -0.316070 0.499454 0.055214
v 0.323611 0.514511 -0.128748
v -0.310442 0.499454 -0.070989
v -0.045059 0.499451 0.347758
v -0.257673 0.499453 -0.186601
v -0.233486 0.484391 -0.253912
v -0.165798 0.499186 -0.274021
v 0.012264 0.499452 0.348945
v -0.048803 0.499453 -0.319940
v 0.323681 0.499439 0.112361
v 0.075500 0.499454 -0.317368
v 0.253958 0.514515 -0.243824
v 0.188187 0.499455 -0.266695
v 0.089650 0.499443 0.335043
v 0.272103 0.499455 -0.175637
v 0.342409 0.499441 0.034808
v 0.314472 0.499455 -0.058056
v -0.118282 0.484388 -0.327456
v 0.308844 0.499455 0.068147
v 0.143603 0.499443 0.313867
v 0.286762 0.482551 0.127888
v 0.306732 0.483025 0.067673
v 0.316404 0.482550 0.005144
v 0.312322 0.483024 -0.057670
v 0.297755 0.482550 -0.118600
v 0.270242 0.483024 -0.174449
v 0.233653 0.482550 -0.224504
v 0.186898 0.483023 -0.264886
v 0.133858 0.482549 -0.296446
v 0.074979 0.483023 -0.315213
v 0.013563 0.482549 -0.323473
v -0.048476 0.483022 -0.317768
v -0.108919 0.482547 -0.301470
v -0.164673 0.483012 -0.272162
v -0.214940 0.482547 -0.233788
v -0.255921 0.483021 -0.185338
v -0.288361 0.482548 -0.130730
v -0.308330 0.483022 -0.070514
v -0.318002 0.482548 -0.007985
v -0.313920 0.483022 0.054828
v -0.299353 0.482549 0.115758
v -0.271840 0.483022 0.171607
v -0.235251 0.482549 0.221663
v -0.188496 0.483023 0.262044
v -0.135457 0.482549 0.293604
v -0.076578 0.483024 0.312371
v -0.015161 0.482550 0.320631
v 0.046878 0.483024 0.314926
v 0.107320 0.482550 0.298629
v 0.163074 0.483025 0.269320
v 0.213342 0.482550 0.230946
v 0.254323 0.483025 0.182496
v 0.248408 0.499425 0.268997
v 0.125025 0.499431 0.347762
v -0.017513 0.499448 0.373368
v -0.157507 0.499453 0.341915
v -0.273643 0.499460 0.258193
v -0.348241 0.499469 0.134946
v -0.369945 0.499481 -0.009060
v -0.335449 0.499485 -0.151904
v -0.250006 0.499348 -0.271838
v -0.126623 0.499343 -0.350604
v 0.015915 0.499462 -0.376209
v 0.155909 0.499457 -0.344757
v 0.272045 0.499449 -0.261034
v 0.346643 0.499441 -0.137788
v 0.368346 0.499428 0.006219
v 0.333851 0.499425 0.149063
v -0.236083 0.499457 0.261860
v -0.345474 0.484405 -0.008554
v -0.274780 0.499457 0.219868
v 0.311667 0.514502 0.139087
v -0.016405 0.514514 0.348523
v -0.315281 0.499462 0.152955
v -0.325209 0.484399 0.125907
v -0.334820 0.499462 0.098733
v -0.147119 0.514516 0.319155
v -0.346603 0.499468 0.020549
v -0.255556 0.484395 0.240983
v -0.344007 0.499468 -0.037650
v -0.255556 0.514520 0.240983
v -0.325279 0.499470 -0.115203
v -0.147119 0.484391 0.319155
v -0.300945 0.499470 -0.168517
v -0.325209 0.514525 0.125907
v -0.254556 0.499453 -0.233632
v -0.016405 0.484389 0.348523
v 0.311667 0.484377 0.139087
v -0.212188 0.499214 -0.273945
v -0.345474 0.514531 -0.008554
v -0.145201 0.499212 -0.316709
v 0.116684 0.484380 0.324615
v 0.343876 0.484378 0.005712
v -0.091249 0.499451 -0.337884
v -0.313265 0.514533 -0.141929
v -0.013862 0.499458 -0.351786
v 0.231888 0.484377 0.251071
v 0.323611 0.484385 -0.128748
v 0.043461 0.499458 -0.350600
v -0.233486 0.514277 -0.253912
v 0.119466 0.499456 -0.333524
v 0.253958 0.484389 -0.243824
v 0.171432 0.499456 -0.310156
v -0.118282 0.514275 -0.327456
v 0.234484 0.499452 -0.264701
v 0.145520 0.484393 -0.321997
v 0.273182 0.499452 -0.222710
v 0.299347 0.499439 0.165675
v 0.014807 0.514521 -0.351365
v 0.313683 0.499448 -0.155797
v 0.252958 0.499440 0.230790
v 0.014807 0.484395 -0.351365
v 0.333221 0.499448 -0.101575
v 0.210589 0.499440 0.271104
v 0.145521 0.514518 -0.321997
v 0.345005 0.499441 -0.023390
vn -0.0001 1.0000 -0.0001
vn -0.0000 1.0000 -0.0001
vn 0.0001 1.0000 -0.0001
vn 0.0001 1.0000 -0.0000
vn 0.0003 1.0000 -0.0002
vn 0.0004 1.0000 -0.0003
vn 0.0018 1.0000 -0.0021
vn 0.0017 1.0000 -0.0019
vn 0.0037 1.0000 -0.0042
vn 0.0035 1.0000 -0.0041
vn 0.0034 1.0000 -0.0043
vn 0.0036 1.0000 -0.0045
vn 0.0008 1.0000 -0.0026
vn 0.0009 1.0000 -0.0026
vn -0.0028 1.0000 -0.0004
vn -0.0057 1.0000 0.0011
vn -0.0054 1.0000 0.0010
vn -0.0053 1.0000 0.0012
vn -0.0056 1.0000 0.0014
vn -0.0025 1.0000 0.0007
vn -0.0027 1.0000 0.0007
vn -0.0005 1.0000 0.0002
vn -0.0004 1.0000 0.0002
vn -0.0000 1.0000 0.0001
vn -0.0001 1.0000 0.0001
vn -0.0001 1.0000 -0.0000
vn -0.0004 1.0000 0.0001
vn -0.0039 1.0000 0.0007
vn -0.0038 1.0000 0.0004
vn 0.0020 1.0000 -0.0031
vn 0.0024 1.0000 -0.0031
vn 0.0003 1.0000 -0.0003
vn -0.0000 -1.0000 -0.0000
vn 0.2905 0.9556 0.0493
vn 0.2801 0.9541 0.1061
vn 0.2638 0.9540 0.1422
vn 0.2283 0.9554 0.1874
vn 0.7028 0.6760 0.2216
vn 0.6977 0.7023 0.1412
vn 0.6857 0.7019 0.1928
vn 0.7258 0.6768 0.1233
vn 0.2850 0.9564 -0.0636
vn 0.2974 0.9547 -0.0067
vn 0.2965 0.9545 0.0331
vn 0.2815 0.9554 0.0888
vn 0.7318 0.6790 -0.0586
vn 0.6961 0.7057 -0.1320
vn 0.7048 0.7049 -0.0791
vn 0.7153 0.6804 -0.1596
vn 0.2359 0.9573 -0.1670
vn 0.2694 0.9557 -0.1185
vn 0.2841 0.9554 -0.0810
vn 0.2919 0.9562 -0.0233
vn 0.6502 0.6831 -0.3327
vn 0.5882 0.7096 -0.3879
vn 0.6170 0.7089 -0.3416
vn 0.5953 0.6843 -0.4212
vn 0.1508 0.9578 -0.2449
vn 0.2004 0.9564 -0.2123
vn 0.2284 0.9563 -0.1828
vn 0.2580 0.9571 -0.1319
vn 0.4671 0.6858 -0.5581
vn 0.3882 0.7116 -0.5856
vn 0.4330 0.7114 -0.5536
vn 0.3817 0.6861 -0.6194
vn 0.0427 0.9575 -0.2852
vn 0.1007 0.9565 -0.2737
vn 0.1378 0.9566 -0.2568
vn 0.1847 0.9577 -0.2205
vn 0.2103 0.6856 -0.6969
vn 0.1274 0.7105 -0.6920
vn 0.1808 0.7109 -0.6796
vn 0.1082 0.6848 -0.7207
vn -0.0717 0.9567 -0.2820
vn -0.0142 0.9559 -0.2932
vn 0.0263 0.9562 -0.2915
vn 0.0833 0.9577 -0.2754
vn -0.0792 0.6840 -0.7252
vn -0.1530 0.7084 -0.6890
vn -0.0984 0.7081 -0.6992
vn -0.1801 0.6813 -0.7095
vn -0.1783 0.9563 -0.2317
vn -0.1307 0.9557 -0.2637
vn -0.0936 0.9560 -0.2779
vn -0.0357 0.9580 -0.2846
vn -0.3483 0.6831 -0.6419
vn -0.4009 0.7077 -0.5817
vn -0.3586 0.7083 -0.6081
vn -0.4362 0.6819 -0.5872
vn -0.2459 0.9565 -0.1568
vn -0.2142 0.9551 -0.2045
vn -0.1849 0.9553 -0.2306
vn -0.1345 0.9567 -0.2583
vn -0.5692 0.6763 -0.4676
vn -0.5949 0.7019 -0.3918
vn -0.5625 0.7030 -0.4351
vn -0.6264 0.6771 -0.3862
vn -0.2896 0.9559 -0.0489
vn -0.2792 0.9544 -0.1057
vn -0.2629 0.9543 -0.1417
vn -0.2274 0.9557 -0.1870
vn -0.7025 0.6763 -0.2216
vn -0.6973 0.7027 -0.1412
vn -0.6853 0.7023 -0.1927
vn -0.7255 0.6771 -0.1232
vn -0.2841 0.9567 0.0636
vn -0.2965 0.9550 0.0067
vn -0.2956 0.9547 -0.0331
vn -0.2806 0.9557 -0.0888
vn -0.7316 0.6792 0.0585
vn -0.6959 0.7059 0.1320
vn -0.7045 0.7053 0.0791
vn -0.7150 0.6807 0.1596
vn -0.2354 0.9575 0.1668
vn -0.2690 0.9558 0.1183
vn -0.2836 0.9555 0.0808
vn -0.2914 0.9563 0.0231
vn -0.6501 0.6831 0.3327
vn -0.5882 0.7097 0.3879
vn -0.6169 0.7091 0.3416
vn -0.5951 0.6844 0.4212
vn -0.1506 0.9578 0.2447
vn -0.2003 0.9565 0.2122
vn -0.2282 0.9563 0.1827
vn -0.2579 0.9572 0.1318
vn -0.4671 0.6858 0.5581
vn -0.3883 0.7116 0.5856
vn -0.4330 0.7114 0.5535
vn -0.3816 0.6861 0.6193
vn -0.0427 0.9575 0.2853
vn -0.1008 0.9565 0.2738
vn -0.1378 0.9566 0.2568
vn -0.1848 0.9577 0.2206
vn -0.2103 0.6855 0.6970
vn -0.1274 0.7105 0.6921
vn -0.1808 0.7109 0.6796
vn -0.1082 0.6847 0.7207
vn 0.0717 0.9567 0.2823
vn 0.0142 0.9559 0.2934
vn -0.0263 0.9561 0.2917
vn -0.0833 0.9576 0.2757
vn 0.0780 0.6824 0.7268
vn 0.1516 0.7069 0.6909
vn 0.0982 0.7078 0.6996
vn 0.1799 0.6811 0.7098
vn 0.1751 0.9557 0.2365
vn 0.1269 0.9549 0.2686
vn 0.0893 0.9552 0.2822
vn 0.0310 0.9569 0.2888
vn 0.3515 0.6784 0.6452
vn 0.4048 0.7032 0.5846
vn 0.3595 0.7038 0.6127
vn 0.4378 0.6772 0.5914
vn 0.2519 0.9553 0.1547
vn 0.2202 0.9542 0.2027
vn 0.1911 0.9543 0.2296
vn 0.1404 0.9560 0.2577
vn 0.5698 0.6757 0.4677
vn 0.5955 0.7013 0.3919
vn 0.5648 0.7015 0.4347
vn 0.6284 0.6755 0.3859
vn 0.6774 -0.2152 0.7035
vn 0.6774 0.2151 0.7034
vn 0.8861 0.2147 0.4109
vn 0.8861 -0.2147 0.4108
vn 0.1744 0.9833 0.0515
vn -0.0958 0.9842 0.1490
vn -0.0794 0.9572 0.2784
vn 0.2506 0.9550 0.1589
vn 0.3622 -0.2170 0.9065
vn 0.3622 0.2169 0.9065
vn 0.6689 0.2151 0.7115
vn 0.6689 -0.2152 0.7115
vn 0.1112 0.9842 -0.1381
vn 0.1052 0.9834 0.1476
vn 0.2320 0.9550 0.1848
vn 0.2397 0.9569 -0.1641
vn -0.0141 -0.2192 0.9756
vn -0.0141 0.2192 0.9756
vn 0.3511 0.2170 0.9108
vn 0.3511 -0.2170 0.9108
vn -0.8463 0.5319 0.0295
vn -0.8463 -0.5319 0.0294
vn -0.8616 -0.5072 0.0215
vn -0.8616 0.5072 0.0216
vn -0.3944 -0.2206 0.8921
vn -0.3944 0.2205 0.8921
vn -0.0263 0.2193 0.9753
vn -0.0263 -0.2193 0.9753
vn -0.0409 -0.9838 -0.1748
vn -0.1574 -0.9839 0.0843
vn -0.2873 -0.9560 0.0596
vn -0.1449 -0.9556 -0.2567
vn -0.7132 -0.2201 0.6655
vn -0.7132 0.2201 0.6656
vn -0.4056 0.2206 0.8870
vn -0.4056 -0.2206 0.8870
vn 0.5344 -0.5302 0.6583
vn 0.5344 0.5302 0.6583
vn 0.5502 0.5055 0.6646
vn 0.5503 -0.5055 0.6646
vn -0.9161 -0.2182 0.3365
vn -0.9161 0.2182 0.3365
vn -0.7215 0.2201 0.6566
vn -0.7215 -0.2201 0.6565
vn 0.1796 0.9836 -0.0177
vn -0.0297 0.9841 0.1753
vn 0.0356 0.9565 0.2897
vn 0.2910 0.9552 0.0539
vn -0.9757 -0.2160 -0.0376
vn -0.9757 0.2160 -0.0376
vn -0.9201 0.2181 0.3252
vn -0.9202 -0.2181 0.3252
vn 0.0478 0.9842 -0.1708
vn 0.1532 0.9833 0.0982
vn 0.2837 0.9551 0.0851
vn 0.1553 0.9573 -0.2437
vn -0.8909 -0.2147 -0.4002
vn -0.8909 0.2147 -0.4003
vn -0.9752 0.2159 -0.0494
vn -0.9752 -0.2159 -0.0494
vn -0.7684 0.5361 0.3496
vn -0.7684 -0.5361 0.3495
vn -0.7858 -0.5113 0.3480
vn -0.7857 0.5113 0.3481
vn -0.6774 -0.2151 -0.7034
vn -0.6774 0.2152 -0.7035
vn -0.8859 0.2152 -0.4110
vn -0.8861 -0.2148 -0.4108
vn 0.0288 -0.9846 -0.1725
vn -0.1797 -0.9836 0.0180
vn -0.2907 -0.9554 -0.0522
vn -0.0368 -0.9576 -0.2858
vn -0.3620 -0.2202 -0.9058
vn -0.3617 0.2198 -0.9060
vn -0.6687 0.2180 -0.7109
vn -0.6684 -0.2184 -0.7110
vn 0.7423 -0.5288 0.4116
vn 0.7422 0.5287 0.4118
vn 0.7592 0.5042 0.4117
vn 0.7592 -0.5042 0.4115
vn 0.0141 -0.2193 -0.9756
vn 0.0139 0.2197 -0.9755
vn -0.3511 0.2171 -0.9108
vn -0.3511 -0.2170 -0.9108
vn 0.6644 -0.5383 -0.5184
vn 0.6648 0.5381 -0.5181
vn 0.6715 0.5135 -0.5342
vn 0.6711 -0.5137 -0.5346
vn 0.3944 -0.2205 -0.8921
vn 0.3944 0.2206 -0.8921
vn 0.0263 0.2193 -0.9753
vn 0.0263 -0.2193 -0.9753
vn -0.0227 0.9839 -0.1773
vn 0.1781 0.9834 0.0339
vn 0.2926 0.9558 -0.0276
vn 0.0472 0.9571 -0.2859
vn 0.7132 -0.2201 -0.6656
vn 0.7132 0.2201 -0.6655
vn 0.4056 0.2206 -0.8870
vn 0.4056 -0.2206 -0.8870
vn -0.5700 0.5392 0.6200
vn -0.5703 -0.5393 0.6197
vn -0.5870 -0.5145 0.6250
vn -0.5868 0.5144 0.6254
vn 0.9161 -0.2182 -0.3365
vn 0.9161 0.2182 -0.3365
vn 0.7215 0.2201 -0.6565
vn 0.7215 -0.2201 -0.6566
vn 0.3714 0.5322 0.7608
vn 0.3710 -0.5323 0.7610
vn 0.3699 -0.5078 0.7780
vn 0.3703 0.5077 0.7779
vn 0.9757 -0.2160 0.0376
vn 0.9757 0.2160 0.0376
vn 0.9202 0.2181 -0.3252
vn 0.9201 -0.2181 -0.3252
vn 0.0962 -0.9842 -0.1489
vn -0.1715 -0.9839 -0.0510
vn -0.2466 -0.9561 -0.1583
vn 0.0808 -0.9573 -0.2775
vn 0.8909 -0.2147 0.4003
vn 0.8909 0.2147 0.4002
vn 0.9752 0.2159 0.0494
vn 0.9752 -0.2159 0.0494
vn 0.8412 -0.5305 0.1043
vn 0.8413 0.5304 0.1047
vn 0.8570 0.5059 0.0983
vn 0.8570 -0.5060 0.0978
vn 0.2791 -0.9544 0.1057
vn 0.2896 -0.9559 0.0489
vn 0.2274 -0.9557 0.1870
vn 0.2629 -0.9544 0.1417
vn 0.6974 -0.7027 0.1412
vn 0.7025 -0.6763 0.2216
vn 0.7255 -0.6771 0.1232
vn 0.6853 -0.7023 0.1927
vn 0.2965 -0.9550 -0.0067
vn 0.2841 -0.9567 -0.0636
vn 0.2806 -0.9557 0.0888
vn 0.2957 -0.9547 0.0331
vn 0.6959 -0.7060 -0.1320
vn 0.7316 -0.6792 -0.0585
vn 0.7150 -0.6807 -0.1596
vn 0.7045 -0.7053 -0.0791
vn 0.2690 -0.9558 -0.1183
vn 0.2354 -0.9575 -0.1668
vn 0.2914 -0.9563 -0.0231
vn 0.2836 -0.9555 -0.0808
vn 0.5882 -0.7097 -0.3879
vn 0.6501 -0.6831 -0.3327
vn 0.5951 -0.6844 -0.4212
vn 0.6169 -0.7091 -0.3416
vn 0.2003 -0.9565 -0.2122
vn 0.1506 -0.9578 -0.2447
vn 0.2579 -0.9572 -0.1318
vn 0.2282 -0.9563 -0.1827
vn 0.3882 -0.7116 -0.5856
vn 0.4671 -0.6858 -0.5581
vn 0.3816 -0.6861 -0.6193
vn 0.4330 -0.7114 -0.5535
vn 0.1008 -0.9565 -0.2738
vn 0.0427 -0.9575 -0.2853
vn 0.1848 -0.9577 -0.2206
vn 0.1378 -0.9566 -0.2568
vn 0.1274 -0.7104 -0.6921
vn 0.2103 -0.6855 -0.6970
vn 0.1082 -0.6847 -0.7207
vn 0.1808 -0.7109 -0.6796
vn -0.0142 -0.9559 -0.2935
vn -0.0717 -0.9567 -0.2823
vn 0.0833 -0.9576 -0.2757
vn 0.0263 -0.9561 -0.2917
vn -0.1516 -0.7069 -0.6909
vn -0.0780 -0.6824 -0.7268
vn -0.1799 -0.6811 -0.7098
vn -0.0982 -0.7078 -0.6996
vn -0.1253 -0.9560 -0.2652
vn -0.1726 -0.9569 -0.2334
vn -0.0307 -0.9570 -0.2885
vn -0.0891 -0.9554 -0.2817
vn -0.4015 -0.7088 -0.5799
vn -0.3489 -0.6842 -0.6404
vn -0.4345 -0.6830 -0.5871
vn -0.3567 -0.7095 -0.6078
vn -0.2198 -0.9543 -0.2023
vn -0.2517 -0.9554 -0.1544
vn -0.1386 -0.9572 -0.2541
vn -0.1887 -0.9555 -0.2267
vn -0.5955 -0.7013 -0.3919
vn -0.5698 -0.6757 -0.4677
vn -0.6284 -0.6755 -0.3859
vn -0.5648 -0.7014 -0.4348
vn -0.2801 -0.9541 -0.1061
vn -0.2905 -0.9556 -0.0493
vn -0.2283 -0.9554 -0.1874
vn -0.2638 -0.9540 -0.1422
vn -0.6977 -0.7023 -0.1413
vn -0.7028 -0.6760 -0.2216
vn -0.7258 -0.6767 -0.1233
vn -0.6857 -0.7019 -0.1928
vn -0.2974 -0.9547 0.0067
vn -0.2850 -0.9564 0.0636
vn -0.2815 -0.9554 -0.0888
vn -0.2965 -0.9545 -0.0331
vn -0.6960 -0.7058 0.1320
vn -0.7318 -0.6790 0.0586
vn -0.7153 -0.6804 0.1596
vn -0.7048 -0.7049 0.0791
vn -0.2694 -0.9557 0.1185
vn -0.2359 -0.9573 0.1670
vn -0.2919 -0.9562 0.0233
vn -0.2841 -0.9554 0.0810
vn -0.5882 -0.7096 0.3879
vn -0.6502 -0.6831 0.3327
vn -0.5953 -0.6843 0.4212
vn -0.6171 -0.7089 0.3417
vn -0.2004 -0.9564 0.2123
vn -0.1508 -0.9578 0.2449
vn -0.2580 -0.9571 0.1319
vn -0.2284 -0.9563 0.1828
vn -0.3882 -0.7116 0.5856
vn -0.4671 -0.6858 0.5581
vn -0.3817 -0.6861 0.6194
vn -0.4330 -0.7114 0.5536
vn -0.1007 -0.9565 0.2737
vn -0.0427 -0.9575 0.2852
vn -0.1847 -0.9577 0.2205
vn -0.1378 -0.9566 0.2568
vn -0.1274 -0.7105 0.6920
vn -0.2103 -0.6856 0.6969
vn -0.1082 -0.6848 0.7207
vn -0.1808 -0.7110 0.6796
vn 0.0142 -0.9559 0.2932
vn 0.0717 -0.9567 0.2820
vn -0.0833 -0.9577 0.2754
vn -0.0263 -0.9562 0.2915
vn 0.1515 -0.7072 0.6906
vn 0.0779 -0.6827 0.7265
vn 0.1799 -0.6812 0.7097
vn 0.0982 -0.7079 0.6995
vn 0.1266 -0.9551 0.2678
vn 0.1748 -0.9560 0.2357
vn 0.0307 -0.9571 0.2880
vn 0.0890 -0.9554 0.2815
vn 0.4046 -0.7035 0.5843
vn 0.3513 -0.6787 0.6449
vn 0.4377 -0.6775 0.5911
vn 0.3594 -0.7041 0.6124
vn 0.2195 -0.9545 0.2020
vn 0.2512 -0.9556 0.1540
vn 0.1397 -0.9563 0.2570
vn 0.1905 -0.9546 0.2289
vn 0.5952 -0.7017 0.3917
vn 0.5694 -0.6761 0.4676
vn 0.6281 -0.6758 0.3856
vn 0.5645 -0.7018 0.4345
vn 0.7652 -0.4747 0.4350
vn 0.7652 0.4745 0.4352
vn 0.3937 0.4778 0.7853
vn 0.3935 -0.4780 0.7853
vn 0.5470 -0.4762 0.6886
vn 0.5469 0.4760 0.6887
vn 0.0630 0.4818 0.8740
vn 0.0629 -0.4820 0.8739
vn 0.2450 -0.4798 0.8425
vn 0.2449 0.4797 0.8425
vn -0.2823 0.4848 0.8278
vn -0.2823 -0.4848 0.8278
vn -0.0993 -0.4836 0.8697
vn -0.0993 0.4835 0.8697
vn -0.5849 0.4848 0.6503
vn -0.5849 -0.4848 0.6503
vn -0.4319 -0.4852 0.7603
vn -0.4319 0.4852 0.7603
vn -0.7936 0.4818 0.3716
vn -0.7936 -0.4818 0.3716
vn -0.6962 -0.4836 0.5305
vn -0.6961 0.4837 0.5305
vn -0.8776 0.4778 0.0400
vn -0.8776 -0.4777 0.0400
vn -0.8492 -0.4798 0.2206
vn -0.8491 0.4800 0.2207
vn -0.8298 0.4751 -0.2929
vn -0.8299 -0.4749 -0.2928
vn -0.8715 -0.4760 -0.1178
vn -0.8714 0.4763 -0.1176
vn -0.6608 0.4751 -0.5810
vn -0.6610 -0.4749 -0.5810
vn -0.7649 -0.4767 -0.4332
vn -0.7627 0.4775 -0.4362
vn -0.3907 0.4811 -0.7848
vn -0.3943 -0.4814 -0.7828
vn -0.5444 -0.4796 -0.6882
vn -0.5477 0.4793 -0.6858
vn -0.0651 0.4848 -0.8722
vn -0.0613 -0.4841 -0.8729
vn -0.2449 -0.4797 -0.8425
vn -0.2450 0.4798 -0.8425
vn 0.2823 0.4848 -0.8278
vn 0.2823 -0.4848 -0.8278
vn 0.0993 -0.4835 -0.8697
vn 0.0993 0.4836 -0.8697
vn 0.5849 0.4848 -0.6503
vn 0.5849 -0.4848 -0.6503
vn 0.4319 -0.4852 -0.7603
vn 0.4319 0.4852 -0.7603
vn 0.7936 0.4818 -0.3716
vn 0.7936 -0.4818 -0.3716
vn 0.6961 -0.4837 -0.5305
vn 0.6962 0.4836 -0.5305
vn 0.8776 0.4777 -0.0400
vn 0.8776 -0.4778 -0.0400
vn 0.8491 -0.4800 -0.2207
vn 0.8492 0.4798 -0.2206
vn 0.8299 0.4749 0.2928
vn 0.8298 -0.4751 0.2929
vn 0.8714 -0.4763 0.1176
vn 0.8715 0.4760 0.1178
vn 0.6610 0.4749 0.5810
vn 0.6608 -0.4751 0.5810
vn 0.2448 -0.5339 0.8093
vn 0.2449 0.5340 0.8093
vn 0.2574 0.5092 0.8212
vn 0.2573 -0.5092 0.8213
vn -0.1052 -0.9834 -0.1476
vn -0.1112 -0.9842 0.1381
vn -0.2397 -0.9569 0.1642
vn -0.2320 -0.9550 -0.1848
vn -0.7971 0.5291 -0.2909
vn -0.7972 -0.5291 -0.2908
vn -0.8082 -0.5045 -0.3037
vn -0.8082 0.5045 -0.3038
vn 0.1574 0.9839 -0.0843
vn 0.0409 0.9838 0.1748
vn 0.1449 0.9556 0.2567
vn 0.2873 0.9560 -0.0596
vn 0.1428 0.9833 0.1126
vn -0.1473 0.9841 0.0997
vn -0.1822 0.9573 0.2243
vn 0.1723 0.9554 0.2397
vn -0.0865 -0.5379 0.8386
vn -0.0862 0.5380 0.8386
vn -0.0792 0.5132 0.8546
vn -0.0794 -0.5131 0.8546
vn -0.1533 -0.9833 -0.0982
vn -0.0478 -0.9842 0.1708
vn -0.1553 -0.9573 0.2437
vn -0.2837 -0.9551 -0.0851
vn -0.6312 0.5293 -0.5670
vn -0.6314 -0.5292 -0.5668
vn -0.6368 -0.5047 -0.5829
vn -0.6366 0.5047 -0.5831
vn 0.0896 0.9836 0.1568
vn -0.1761 0.9837 0.0355
vn -0.2570 0.9568 0.1362
vn 0.0678 0.9563 0.2844
vn -0.4078 -0.5396 0.7365
vn -0.4074 0.5398 0.7367
vn -0.4071 0.5151 0.7543
vn -0.4076 -0.5150 0.7541
vn -0.1781 -0.9834 -0.0339
vn 0.0227 -0.9839 0.1773
vn -0.0472 -0.9571 0.2859
vn -0.2926 -0.9558 0.0276
vn -0.3710 0.5323 -0.7610
vn -0.3714 -0.5322 -0.7608
vn -0.3703 -0.5077 -0.7779
vn -0.3699 0.5078 -0.7780
vn 0.0229 0.9839 0.1771
vn -0.1780 0.9834 -0.0341
vn -0.2924 0.9559 0.0274
vn -0.0471 0.9571 0.2857
vn -0.6648 -0.5381 0.5181
vn -0.6644 0.5383 0.5184
vn -0.6711 0.5137 0.5346
vn -0.6715 -0.5135 0.5342
vn -0.1761 -0.9837 0.0355
vn 0.0896 -0.9836 0.1567
vn 0.0679 -0.9563 0.2843
vn -0.2570 -0.9568 0.1361
vn -0.0511 0.5365 -0.8423
vn -0.0516 -0.5364 -0.8424
vn -0.0440 -0.5118 -0.8580
vn -0.0434 0.5119 -0.8579
vn -0.0473 0.9842 0.1706
vn -0.1527 0.9834 -0.0984
vn -0.2833 0.9552 -0.0853
vn -0.1548 0.9575 0.2435
vn -0.8156 -0.5346 0.2213
vn -0.8145 0.5365 0.2209
vn -0.8267 0.5124 0.2325
vn -0.8274 -0.5106 0.2339
vn -0.1473 -0.9841 0.0995
vn 0.1428 -0.9834 0.1123
vn 0.1723 -0.9555 0.2395
vn -0.1822 -0.9574 0.2241
vn 0.0399 -0.9839 0.1743
vn 0.1564 -0.9841 -0.0847
vn 0.2863 -0.9563 -0.0601
vn 0.1439 -0.9558 0.2563
vn 0.2805 0.5435 -0.7912
vn 0.2791 -0.5451 -0.7906
vn 0.2920 -0.5198 -0.8028
vn 0.2945 0.5182 -0.8029
vn -0.1102 0.9843 0.1381
vn -0.1042 0.9835 -0.1476
vn -0.2310 0.9552 -0.1848
vn -0.2387 0.9571 0.1642
vn -0.8376 -0.5362 -0.1044
vn -0.8388 0.5345 -0.1035
vn -0.8551 0.5095 -0.0966
vn -0.8539 -0.5110 -0.0986
vn -0.0962 -0.9843 0.1481
vn 0.1741 -0.9834 0.0507
vn 0.2503 -0.9552 0.1581
vn -0.0797 -0.9574 0.2776
vn 0.1042 -0.9835 0.1476
vn 0.1102 -0.9843 -0.1381
vn 0.2387 -0.9571 -0.1642
vn 0.2310 -0.9552 0.1848
vn 0.5690 0.5413 -0.6190
vn 0.5700 -0.5395 -0.6198
vn 0.5869 -0.5153 -0.6245
vn 0.5852 0.5171 -0.6246
vn -0.1564 0.9841 0.0847
vn -0.0399 0.9839 -0.1743
vn -0.1439 0.9558 -0.2563
vn -0.2863 0.9563 0.0601
vn -0.7422 -0.5287 -0.4118
vn -0.7423 0.5288 -0.4116
vn -0.7592 0.5042 -0.4115
vn -0.7592 -0.5042 -0.4117
vn -0.0305 -0.9842 0.1745
vn 0.1788 -0.9837 -0.0185
vn 0.2903 -0.9555 0.0531
vn 0.0348 -0.9567 0.2890
vn 0.1528 -0.9834 0.0984
vn 0.0473 -0.9842 -0.1706
vn 0.1548 -0.9575 -0.2435
vn 0.2833 -0.9552 0.0853
vn 0.7684 0.5361 -0.3495
vn 0.7684 -0.5361 -0.3496
vn 0.7857 -0.5113 -0.3481
vn 0.7858 0.5113 -0.3480
vn -0.1731 0.9848 0.0148
vn 0.0341 0.9836 -0.1771
vn -0.0302 0.9565 -0.2902
vn -0.2845 0.9570 -0.0568
vn -0.5344 -0.5302 -0.6583
vn -0.5344 0.5302 -0.6583
vn -0.5503 0.5055 -0.6646
vn -0.5502 -0.5055 -0.6646
vn 0.1780 -0.9834 0.0341
vn -0.0229 -0.9839 -0.1771
vn 0.0471 -0.9571 -0.2857
vn 0.2924 -0.9559 -0.0274
vn 0.8463 0.5319 -0.0294
vn 0.8463 -0.5319 -0.0295
vn 0.8616 -0.5072 -0.0216
vn 0.8616 0.5072 -0.0215
vn -0.1781 0.9828 -0.0487
vn 0.0902 0.9853 -0.1448
vn 0.0737 0.9589 -0.2741
vn -0.2535 0.9549 -0.1547
vn -0.2449 -0.5340 -0.8093
vn -0.2448 0.5339 -0.8093
vn -0.2573 0.5092 -0.8213
vn -0.2574 -0.5092 -0.8212
vn 0.1761 -0.9837 -0.0355
vn -0.0896 -0.9836 -0.1568
vn -0.0678 -0.9563 -0.2844
vn 0.2570 -0.9568 -0.1362
vn 0.7972 0.5291 0.2908
vn 0.7971 -0.5291 0.2909
vn 0.8082 -0.5045 0.3038
vn 0.8082 0.5045 0.3037
vn 0.0516 0.5364 0.8424
vn 0.0511 -0.5365 0.8423
vn 0.0434 -0.5119 0.8579
vn 0.0440 0.5118 0.8580
vn -0.1428 0.9834 -0.1123
vn 0.1473 0.9841 -0.0995
vn 0.1822 0.9574 -0.2241
vn -0.1723 0.9555 -0.2394
vn 0.0862 -0.5380 -0.8386
vn 0.0865 0.5379 -0.8386
vn 0.0794 0.5131 -0.8546
vn 0.0792 -0.5132 -0.8546
vn 0.8156 -0.5344 -0.2217
vn 0.8158 0.5343 -0.2212
vn 0.8281 0.5098 -0.2334
vn 0.8278 -0.5099 -0.2339
vn 0.1473 -0.9841 -0.0997
vn -0.1428 -0.9833 -0.1126
vn -0.1723 -0.9554 -0.2397
vn 0.1822 -0.9573 -0.2244
vn 0.6314 0.5292 0.5668
vn 0.6312 -0.5293 0.5670
vn 0.6366 -0.5047 0.5831
vn 0.6368 0.5047 0.5829
vn -0.2805 0.5393 0.7941
vn -0.2809 -0.5394 0.7938
vn -0.2942 -0.5148 0.8053
vn -0.2938 0.5146 0.8055
vn -0.0896 0.9836 -0.1567
vn 0.1761 0.9837 -0.0355
vn 0.2570 0.9568 -0.1361
vn -0.0679 0.9563 -0.2843
vn 0.4074 -0.5398 -0.7367
vn 0.4078 0.5396 -0.7365
vn 0.4076 0.5150 -0.7541
vn 0.4071 -0.5151 -0.7543
vt 1.000000 1.000000
vt 1.000000 1.000000
vt 0.984375 1.000000
vt 0.984375 1.000000
vt 0.968750 1.000000
vt 0.968750 1.000000
vt 0.953125 1.000000
vt 0.953125 1.000000
vt 0.937500 1.000000
vt 0.937500 1.000000
vt 0.921875 1.000000
vt 0.921875 1.000000
vt 0.906250 1.000000
vt 0.906250 1.000000
vt 0.906250 1.000000
vt 0.890625 1.000000
vt 0.890625 1.000000
vt 0.890625 1.000000
vt 0.875000 1.000000
vt 0.875000 1.000000
vt 0.859375 1.000000
vt 0.859375 1.000000
vt 0.843750 1.000000
vt 0.843750 1.000000
vt 0.828125 1.000000
vt 0.828125 1.000000
vt 0.812500 1.000000
vt 0.812500 1.000000
vt 0.796875 1.000000
vt 0.796875 1.000000
vt 0.781250 1.000000
vt 0.781250 1.000000
vt 0.765625 1.000000
vt 0.765625 1.000000
vt 0.765625 1.000000
vt 0.750000 1.000000
vt 0.750000 1.000000
vt 0.734375 1.000000
vt 0.734375 1.000000
vt 0.734375 1.000000
vt 0.718750 1.000000
vt 0.718750 1.000000
vt 0.703125 1.000000
vt 0.703125 1.000000
vt 0.687500 1.000000
vt 0.671875 1.000000
vt 0.671875 1.000000
vt 0.671875 1.000000
vt 0.656250 1.000000
vt 0.656250 1.000000
vt 0.640625 1.000000
vt 0.640625 1.000000
vt 0.625000 1.000000
vt 0.625000 1.000000
vt 0.609375 1.000000
vt 0.609375 1.000000
vt 0.609375 1.000000
vt 0.593750 1.000000
vt 0.593750 1.000000
vt 0.578125 1.000000
vt 0.578125 1.000000
vt 0.578125 1.000000
vt 0.562500 1.000000
vt 0.562500 1.000000
vt 0.562500 1.000000
vt 0.546875 1.000000
vt 0.546875 1.000000
vt 0.546875 1.000000
vt 0.531250 1.000000
vt 0.531250 1.000000
vt 0.515625 1.000000
vt 0.515625 1.000000
vt 0.500000 1.000000
vt 0.500000 1.000000
vt 0.484375 1.000000
vt 0.484375 1.000000
vt 0.484375 1.000000
vt 0.468750 1.000000
vt 0.468750 1.000000
vt 0.468750 1.000000
vt 0.453125 1.000000
vt 0.453125 1.000000
vt 0.453125 1.000000
vt 0.437500 1.000000
vt 0.437500 1.000000
vt 0.421875 1.000000
vt 0.421875 1.000000
vt 0.421875 1.000000
vt 0.406250 1.000000
vt 0.406250 1.000000
vt 0.390625 1.000000
vt 0.390625 1.000000
vt 0.375000 1.000000
vt 0.375000 1.000000
vt 0.375000 1.000000
vt 0.359375 1.000000
vt 0.359375 1.000000
vt 0.359375 1.000000
vt 0.343750 1.000000
vt 0.343750 1.000000
vt 0.328125 1.000000
vt 0.328125 1.000000
vt 0.312500 1.000000
vt 0.312500 1.000000
vt 0.312500 1.000000
vt 0.296875 1.000000
vt 0.296875 1.000000
vt 0.296875 1.000000
vt 0.281250 1.000000
vt 0.265625 1.000000
vt 0.265625 1.000000
vt 0.250000 1.000000
vt 0.250000 1.000000
vt 0.234375 1.000000
vt 0.234375 1.000000
vt 0.218750 1.000000
vt 0.218750 1.000000
vt 0.203125 1.000000
vt 0.203125 1.000000
vt 0.203125 1.000000
vt 0.187500 1.000000
vt 0.187500 1.000000
vt 0.171875 1.000000
vt 0.171875 1.000000
vt 0.171875 1.000000
vt 0.156250 1.000000
vt 0.156250 1.000000
vt 0.140625 1.000000
vt 0.140625 1.000000
vt 0.140625 1.000000
vt 0.125000 1.000000
vt 0.125000 1.000000
vt 0.109375 1.000000
vt 0.109375 1.000000
vt 0.109375 1.000000
vt 0.093750 1.000000
vt 0.093750 1.000000
vt 0.078125 1.000000
vt 0.078125 1.000000
vt 0.078125 1.000000
vt 0.062500 1.000000
vt 0.062500 1.000000
vt 0.158156 0.471731
vt 0.137410 0.460642
vt 0.250000 0.250000
vt 0.180667 0.478560
vt 0.116663 0.449553
vt 0.098479 0.434629
vt 0.137410 0.460642
vt 0.080294 0.419706
vt 0.065371 0.401521
vt 0.050447 0.383337
vt 0.039358 0.362590
vt 0.065371 0.401521
vt 0.028269 0.341844
vt 0.021440 0.319333
vt 0.039358 0.362590
vt 0.014612 0.296822
vt 0.012306 0.273411
vt 0.021440 0.319333
vt 0.010000 0.250000
vt 0.012306 0.226589
vt 0.014612 0.203178
vt 0.021440 0.180667
vt 0.028269 0.158156
vt 0.039358 0.137410
vt 0.021440 0.180667
vt 0.050447 0.116663
vt 0.065371 0.098479
vt 0.039358 0.137410
vt 0.080294 0.080294
vt 0.098479 0.065371
vt 0.116663 0.050447
vt 0.137410 0.039358
vt 0.158156 0.028269
vt 0.180667 0.021440
vt 0.137410 0.039358
vt 0.203178 0.014612
vt 0.226589 0.012306
vt 0.180667 0.021440
vt 0.250000 0.010000
vt 0.273411 0.012306
vt 0.296822 0.014612
vt 0.319333 0.021440
vt 0.341844 0.028269
vt 0.362590 0.039358
vt 0.319333 0.021440
vt 0.383337 0.050447
vt 0.401521 0.065371
vt 0.362590 0.039358
vt 0.419706 0.080294
vt 0.434629 0.098479
vt 0.401521 0.065371
vt 0.449553 0.116663
vt 0.460642 0.137410
vt 0.471731 0.158156
vt 0.478560 0.180667
vt 0.460642 0.137410
vt 0.485389 0.203178
vt 0.487694 0.226589
vt 0.478560 0.180667
vt 0.490000 0.250000
vt 0.487694 0.273411
vt 0.485389 0.296822
vt 0.478560 0.319333
vt 0.471731 0.341844
vt 0.460642 0.362590
vt 0.478560 0.319333
vt 0.449553 0.383337
vt 0.434629 0.401521
vt 0.460642 0.362590
vt 0.419706 0.419706
vt 0.401521 0.434629
vt 0.434629 0.401521
vt 0.383337 0.449553
vt 0.362590 0.460642
vt 0.401521 0.434629
vt 0.341844 0.471731
vt 0.319333 0.478560
vt 0.362590 0.460642
vt 0.296822 0.485389
vt 0.273411 0.487694
vt 0.319333 0.478560
vt 0.250000 0.490000
vt 0.226589 0.487694
vt 0.203178 0.485389
vt 0.180667 0.478560
vt 0.046875 1.000000
vt 0.046875 1.000000
vt 0.046875 1.000000
vt 0.031250 1.000000
vt 0.031250 1.000000
vt 0.015625 1.000000
vt 0.015625 1.000000
vt 0.000000 1.000000
vt 0.000000 1.000000
vt 0.703178 0.485389
vt 0.726589 0.487694
vt 0.750001 0.250000
vt 0.680667 0.478560
vt 0.750000 0.490000
vt 0.773411 0.487694
vt 0.726589 0.487694
vt 0.796822 0.485389
vt 0.819333 0.478560
vt 0.773411 0.487694
vt 0.841844 0.471731
vt 0.862591 0.460642
vt 0.883337 0.449553
vt 0.901521 0.434629
vt 0.919706 0.419706
vt 0.934629 0.401521
vt 0.949553 0.383337
vt 0.960642 0.362590
vt 0.934629 0.401521
vt 0.971731 0.341844
vt 0.978560 0.319333
vt 0.960642 0.362590
vt 0.985389 0.296822
vt 0.987694 0.273411
vt 0.978560 0.319333
vt 0.990000 0.250000
vt 0.987694 0.226589
vt 0.985389 0.203178
vt 0.978560 0.180667
vt 0.971731 0.158156
vt 0.960642 0.137410
vt 0.978560 0.180667
vt 0.949553 0.116663
vt 0.934629 0.098479
vt 0.960642 0.137410
vt 0.919706 0.080294
vt 0.901521 0.065371
vt 0.883337 0.050447
vt 0.862591 0.039358
vt 0.841844 0.028269
vt 0.819333 0.021440
vt 0.796822 0.014612
vt 0.773411 0.012306
vt 0.750000 0.010000
vt 0.726589 0.012306
vt 0.773411 0.012306
vt 0.703178 0.014612
vt 0.680667 0.021440
vt 0.726589 0.012306
vt 0.658156 0.028269
vt 0.637410 0.039358
vt 0.616663 0.050447
vt 0.598479 0.065371
vt 0.580294 0.080294
vt 0.565371 0.098479
vt 0.598479 0.065371
vt 0.550447 0.116663
vt 0.539358 0.137410
vt 0.528269 0.158156
vt 0.521440 0.180667
vt 0.539358 0.137410
vt 0.514612 0.203178
vt 0.512306 0.226589
vt 0.521440 0.180667
vt 0.510000 0.250000
vt 0.512306 0.273411
vt 0.514612 0.296822
vt 0.521440 0.319333
vt 0.528269 0.341844
vt 0.539358 0.362590
vt 0.521440 0.319333
vt 0.550447 0.383337
vt 0.565371 0.401521
vt 0.539358 0.362590
vt 0.580294 0.419706
vt 0.598479 0.434629
vt 0.565371 0.401521
vt 0.616663 0.449553
vt 0.637410 0.460642
vt 0.598479 0.434629
vt 0.658156 0.471731
vt 0.031250 0.500000
vt 0.031250 0.500000
vt 0.015625 0.500000
vt 0.015625 0.500000
vt 0.000000 0.500000
vt 0.000000 0.500000
vt 0.062500 0.500000
vt 0.062500 0.500000
vt 0.046875 0.500000
vt 0.046875 0.500000
vt 0.093750 0.500000
vt 0.093750 0.500000
vt 0.078125 0.500000
vt 0.078125 0.500000
vt 0.125000 0.500000
vt 0.109375 0.500000
vt 0.109375 0.500000
vt 0.156250 0.500000
vt 0.140625 0.500000
vt 0.140625 0.500000
vt 0.187500 0.500000
vt 0.187500 0.500000
vt 0.171875 0.500000
vt 0.171875 0.500000
vt 0.218750 0.500000
vt 0.203125 0.500000
vt 0.203125 0.500000
vt 0.250000 0.500000
vt 0.250000 0.500000
vt 0.234375 0.500000
vt 0.234375 0.500000
vt 0.281250 0.500000
vt 0.265625 0.500000
vt 0.265625 0.500000
vt 0.312500 0.500000
vt 0.312500 0.500000
vt 0.296875 0.500000
vt 0.296875 0.500000
vt 0.343750 0.500000
vt 0.343750 0.500000
vt 0.328125 0.500000
vt 0.328125 0.500000
vt 0.375000 0.500000
vt 0.375000 0.500000
vt 0.359375 0.500000
vt 0.359375 0.500000
vt 0.406250 0.500000
vt 0.406250 0.500000
vt 0.390625 0.500000
vt 0.390625 0.500000
vt 0.437500 0.500000
vt 0.437500 0.500000
vt 0.421875 0.500000
vt 0.421875 0.500000
vt 0.421875 0.500000
vt 0.468750 0.500000
vt 0.468750 0.500000
vt 0.453125 0.500000
vt 0.453125 0.500000
vt 0.500000 0.500000
vt 0.500000 0.500000
vt 0.484375 0.500000
vt 0.484375 0.500000
vt 0.531250 0.500000
vt 0.515625 0.500000
vt 0.515625 0.500000
vt 0.531250 0.500000
vt 0.562500 0.500000
vt 0.546875 0.500000
vt 0.546875 0.500000
vt 0.562500 0.500000
vt 0.531250 0.500000
vt 0.593750 0.500000
vt 0.593750 0.500000
vt 0.578125 0.500000
vt 0.578125 0.500000
vt 0.562500 0.500000
vt 0.625000 0.500000
vt 0.625000 0.500000
vt 0.609375 0.500000
vt 0.609375 0.500000
vt 0.656250 0.500000
vt 0.656250 0.500000
vt 0.640625 0.500000
vt 0.640625 0.500000
vt 0.687500 0.500000
vt 0.671875 0.500000
vt 0.671875 0.500000
vt 0.718750 0.500000
vt 0.718750 0.500000
vt 0.703125 0.500000
vt 0.703125 0.500000
vt 0.750000 0.500000
vt 0.750000 0.500000
vt 0.734375 0.500000
vt 0.734375 0.500000
vt 0.781250 0.500000
vt 0.781250 0.500000
vt 0.765625 0.500000
vt 0.765625 0.500000
vt 0.812500 0.500000
vt 0.812500 0.500000
vt 0.796875 0.500000
vt 0.796875 0.500000
vt 0.796875 0.500000
vt 0.843750 0.500000
vt 0.843750 0.500000
vt 0.828125 0.500000
vt 0.828125 0.500000
vt 0.828125 0.500000
vt 0.875000 0.500000
vt 0.875000 0.500000
vt 0.859375 0.500000
vt 0.859375 0.500000
vt 0.906250 0.500000
vt 0.906250 0.500000
vt 0.890625 0.500000
vt 0.890625 0.500000
vt 0.937500 0.500000
vt 0.937500 0.500000
vt 0.921875 0.500000
vt 0.921875 0.500000
vt 0.937500 0.500000
vt 0.968750 0.500000
vt 0.953125 0.500000
vt 0.953125 0.500000
vt 1.000000 0.500000
vt 0.984375 0.500000
vt 0.984375 0.500000
vt 1.000000 0.500000
vt 0.031250 0.940000
vt 0.031250 0.993819
vt 0.015625 0.998889
vt 0.015516 0.993820
vt 0.062500 0.940000
vt 0.062500 0.993820
vt 0.046875 0.990833
vt 0.046875 0.921667
vt 0.093750 0.940000
vt 0.093750 0.993819
vt 0.078125 0.997778
vt 0.078125 0.987639
vt 0.125000 0.940000
vt 0.125000 0.993819
vt 0.109375 0.990833
vt 0.109375 0.921667
vt 0.156250 0.940000
vt 0.156250 0.993819
vt 0.140625 0.997778
vt 0.140625 0.987639
vt 0.187500 0.940000
vt 0.187500 0.993820
vt 0.171875 0.990833
vt 0.171875 0.921667
vt 0.218750 0.940000
vt 0.218750 0.993819
vt 0.203125 0.997778
vt 0.203125 0.987639
vt 0.250000 0.940000
vt 0.250000 0.993820
vt 0.234375 0.990833
vt 0.234375 0.921667
vt 0.281250 0.940000
vt 0.281250 0.993819
vt 0.265625 0.997778
vt 0.265625 0.987639
vt 0.312500 0.940000
vt 0.312500 0.993820
vt 0.296875 0.990833
vt 0.296875 0.921667
vt 0.343750 0.940000
vt 0.343750 0.993819
vt 0.328125 0.997778
vt 0.328125 0.987639
vt 0.375000 0.940000
vt 0.375000 0.993820
vt 0.359375 0.990833
vt 0.359375 0.921667
vt 0.406250 0.940000
vt 0.406250 0.993819
vt 0.390625 0.997778
vt 0.390625 0.987639
vt 0.437500 0.940000
vt 0.437500 0.993820
vt 0.421875 0.990833
vt 0.421875 0.921667
vt 0.468750 0.940000
vt 0.468750 0.993819
vt 0.453125 0.997778
vt 0.453125 0.987639
vt 0.500000 0.940000
vt 0.500000 0.993820
vt 0.484375 0.990833
vt 0.484375 0.921667
vt 0.531250 0.940000
vt 0.531250 0.993819
vt 0.515625 0.997778
vt 0.515625 0.987639
vt 0.562500 0.940000
vt 0.562500 0.993820
vt 0.546875 0.990833
vt 0.546875 0.921667
vt 0.593750 0.940000
vt 0.593750 0.993819
vt 0.578125 0.997778
vt 0.578125 0.987639
vt 0.625000 0.940000
vt 0.625000 0.993820
vt 0.609375 0.990833
vt 0.609375 0.921667
vt 0.656250 0.940000
vt 0.656250 0.993819
vt 0.640625 0.997778
vt 0.640625 0.987639
vt 0.687500 0.940000
vt 0.687500 0.993820
vt 0.671875 0.990833
vt 0.671875 0.921667
vt 0.718750 0.940000
vt 0.718750 0.993819
vt 0.703125 0.997778
vt 0.703125 0.987639
vt 0.750000 0.940000
vt 0.750000 0.993820
vt 0.734375 0.990833
vt 0.734375 0.921667
vt 0.781250 0.940000
vt 0.781250 0.993819
vt 0.765625 0.997778
vt 0.765625 0.987639
vt 0.812500 0.940000
vt 0.812500 0.993820
vt 0.796875 0.990833
vt 0.796875 0.921667
vt 0.843750 0.940000
vt 0.843750 0.993819
vt 0.828125 0.997778
vt 0.828125 0.987639
vt 0.875000 0.940000
vt 0.875000 0.993820
vt 0.859375 0.990833
vt 0.859375 0.921667
vt 0.906250 0.940000
vt 0.906250 0.993819
vt 0.890625 0.997778
vt 0.890625 0.987639
vt 0.937500 0.940000
vt 0.937500 0.993820
vt 0.921875 0.990833
vt 0.921875 0.921667
vt 0.968750 0.940000
vt 0.968750 0.993819
vt 0.953125 0.997778
vt 0.953125 0.987639
vt 0.984375 0.991944
vt 0.984375 0.926111
vt 0.995660 0.750000
vt 0.984375 0.750000
vt 0.984375 0.573889
vt 0.972873 0.750000
vt 0.968750 0.560000
vt 0.890625 0.987639
vt 0.890625 0.970772
vt 0.901138 0.912029
vt 0.880112 0.912029
vt 0.882813 0.875000
vt 0.890625 0.902392
vt 0.898438 0.875000
vt 0.937500 0.560000
vt 0.933377 0.750000
vt 0.921875 0.750000
vt 0.921875 0.578333
vt 0.910373 0.750000
vt 0.906250 0.560000
vt 0.078125 0.987639
vt 0.078125 0.970772
vt 0.088638 0.912029
vt 0.067612 0.912029
vt 0.070313 0.875000
vt 0.078125 0.902392
vt 0.085938 0.875000
vt 0.875000 0.560000
vt 0.870877 0.750000
vt 0.859375 0.750000
vt 0.859375 0.578333
vt 0.847873 0.750000
vt 0.843750 0.560000
vt 0.745877 0.750000
vt 0.751254 0.750000
vt 0.755112 0.912029
vt 0.750000 0.560000
vt 0.755112 0.587971
vt 0.757813 0.625000
vt 0.756100 0.750000
vt 0.757813 0.875000
vt 0.812500 0.560000
vt 0.808377 0.750000
vt 0.796875 0.750000
vt 0.796875 0.578333
vt 0.785373 0.750000
vt 0.781250 0.560000
vt 0.515625 0.527006
vt 0.505112 0.583526
vt 0.531250 0.500000
vt 0.526138 0.583526
vt 0.523438 0.625000
vt 0.515625 0.597608
vt 0.507813 0.625000
vt 0.745877 0.750000
vt 0.734375 0.750000
vt 0.734375 0.578333
vt 0.722873 0.750000
vt 0.718750 0.560000
vt 0.779996 0.750000
vt 0.776138 0.587971
vt 0.776138 0.912029
vt 0.773438 0.875000
vt 0.775150 0.750000
vt 0.773438 0.625000
vt 0.687500 0.560000
vt 0.683377 0.750000
vt 0.671875 0.750000
vt 0.671875 0.578333
vt 0.660373 0.750000
vt 0.656250 0.560000
vt 0.953125 0.987639
vt 0.953125 0.970772
vt 0.963638 0.912029
vt 0.942612 0.912029
vt 0.945313 0.875000
vt 0.953125 0.902392
vt 0.960938 0.875000
vt 0.625000 0.560000
vt 0.620877 0.750000
vt 0.609375 0.748889
vt 0.609375 0.573889
vt 0.597873 0.745556
vt 0.140625 0.987639
vt 0.140625 0.970772
vt 0.151138 0.912029
vt 0.130112 0.912029
vt 0.132813 0.875000
vt 0.140625 0.902392
vt 0.148438 0.875000
vt 0.562500 0.500000
vt 0.558377 0.743820
vt 0.546875 0.740833
vt 0.546875 0.500000
vt 0.535373 0.743820
vt 0.808377 0.750000
vt 0.813754 0.750000
vt 0.817612 0.912029
vt 0.817612 0.587971
vt 0.820313 0.625000
vt 0.818601 0.750000
vt 0.820313 0.875000
vt 0.495877 0.745556
vt 0.484375 0.748889
vt 0.484375 0.573889
vt 0.472873 0.750000
vt 0.468750 0.560000
vt 0.437500 0.560000
vt 0.453125 0.512361
vt 0.453125 0.529229
vt 0.442612 0.587971
vt 0.463638 0.587971
vt 0.460938 0.625000
vt 0.453125 0.597608
vt 0.445312 0.625000
vt 0.433377 0.750000
vt 0.421875 0.750000
vt 0.421875 0.578333
vt 0.410373 0.750000
vt 0.406250 0.560000
vt 0.842496 0.750000
vt 0.838638 0.587971
vt 0.838638 0.912029
vt 0.835938 0.875000
vt 0.837650 0.750000
vt 0.835938 0.625000
vt 0.375000 0.560000
vt 0.370877 0.750000
vt 0.359375 0.750000
vt 0.359375 0.578333
vt 0.347873 0.750000
vt 0.343750 0.560000
vt 0.031250 0.560000
vt 0.035373 0.750000
vt 0.029996 0.750000
vt 0.026138 0.587971
vt 0.026138 0.912029
vt 0.023438 0.875000
vt 0.025149 0.750000
vt 0.023438 0.625000
vt 0.312500 0.560000
vt 0.308377 0.750000
vt 0.296875 0.750000
vt 0.296875 0.578333
vt 0.285373 0.750000
vt 0.281250 0.560000
vt 0.203125 0.987639
vt 0.203125 0.970772
vt 0.213638 0.912029
vt 0.192612 0.912029
vt 0.195313 0.875000
vt 0.203125 0.902392
vt 0.210938 0.875000
vt 0.250000 0.560000
vt 0.245877 0.750000
vt 0.234375 0.750000
vt 0.234375 0.578333
vt 0.222873 0.750000
vt 0.218750 0.560000
vt 0.870877 0.750000
vt 0.876254 0.750000
vt 0.880112 0.587971
vt 0.882813 0.625000
vt 0.881101 0.750000
vt 0.187500 0.560000
vt 0.183377 0.750000
vt 0.171875 0.750000
vt 0.171875 0.578333
vt 0.160373 0.750000
vt 0.156250 0.560000
vt 0.058377 0.750000
vt 0.063754 0.750000
vt 0.062500 0.560000
vt 0.067612 0.587971
vt 0.070313 0.625000
vt 0.068601 0.750000
vt 0.125000 0.560000
vt 0.120877 0.750000
vt 0.109375 0.750000
vt 0.109375 0.578333
vt 0.097873 0.750000
vt 0.093750 0.560000
vt 0.390625 0.512361
vt 0.390625 0.529229
vt 0.380112 0.587971
vt 0.401138 0.587971
vt 0.398438 0.625000
vt 0.390625 0.597608
vt 0.382813 0.625000
vt 0.058377 0.750000
vt 0.046875 0.750000
vt 0.046875 0.578333
vt 0.904996 0.750000
vt 0.901138 0.587971
vt 0.900150 0.750000
vt 0.898438 0.625000
vt 0.031250 0.506181
vt 0.015625 0.501111
vt 0.015516 0.506181
vt 0.062500 0.506181
vt 0.046875 0.509167
vt 0.093750 0.506181
vt 0.078125 0.502222
vt 0.078125 0.512361
vt 0.125000 0.506181
vt 0.109375 0.509167
vt 0.156250 0.506181
vt 0.140625 0.502222
vt 0.140625 0.512361
vt 0.187500 0.506181
vt 0.171875 0.509167
vt 0.218750 0.506181
vt 0.203125 0.502222
vt 0.203125 0.512361
vt 0.250000 0.506181
vt 0.234375 0.509167
vt 0.281250 0.506181
vt 0.265625 0.502222
vt 0.265625 0.512361
vt 0.312500 0.506181
vt 0.296875 0.509167
vt 0.343750 0.506181
vt 0.328125 0.502222
vt 0.328125 0.512361
vt 0.375000 0.506181
vt 0.359375 0.509167
vt 0.406250 0.506181
vt 0.390625 0.502222
vt 0.390625 0.512361
vt 0.437500 0.506181
vt 0.421875 0.509167
vt 0.468750 0.506181
vt 0.453125 0.502222
vt 0.453125 0.512361
vt 0.500000 0.500000
vt 0.484375 0.508056
vt 0.593750 0.500000
vt 0.625000 0.506181
vt 0.609375 0.508056
vt 0.656250 0.506181
vt 0.640625 0.502222
vt 0.640625 0.512361
vt 0.687500 0.506181
vt 0.671875 0.509167
vt 0.718750 0.506181
vt 0.703125 0.502222
vt 0.703125 0.512361
vt 0.750000 0.506181
vt 0.734375 0.509167
vt 0.781250 0.506181
vt 0.765625 0.502222
vt 0.765625 0.512361
vt 0.812500 0.506181
vt 0.796875 0.509167
vt 0.843750 0.506181
vt 0.828125 0.502222
vt 0.828125 0.512361
vt 0.875000 0.506181
vt 0.859375 0.509167
vt 0.906250 0.506181
vt 0.890625 0.502222
vt 0.890625 0.512361
vt 0.937500 0.506181
vt 0.921875 0.509167
vt 0.968750 0.506181
vt 0.953125 0.502222
vt 0.953125 0.512361
vt 0.984375 0.508056
vt 0.960938 0.625000
vt 0.962650 0.750000
vt 0.953125 0.750000
vt 0.953125 0.597608
vt 0.953125 0.902392
vt 0.943601 0.750000
vt 0.945313 0.625000
vt 0.890625 0.750000
vt 0.890625 0.597608
vt 0.890625 0.902392
vt 0.881101 0.750000
vt 0.828125 0.750000
vt 0.828125 0.597608
vt 0.828125 0.902392
vt 0.818601 0.750000
vt 0.765625 0.750000
vt 0.765625 0.597608
vt 0.765625 0.902392
vt 0.756101 0.750000
vt 0.710938 0.625000
vt 0.712650 0.750000
vt 0.703125 0.750000
vt 0.703125 0.597608
vt 0.710938 0.875000
vt 0.703125 0.902392
vt 0.695312 0.875000
vt 0.693601 0.750000
vt 0.695312 0.625000
vt 0.648438 0.625000
vt 0.650150 0.750000
vt 0.640625 0.750000
vt 0.640625 0.597608
vt 0.648438 0.875000
vt 0.640625 0.902392
vt 0.632813 0.875000
vt 0.631101 0.750000
vt 0.632813 0.625000
vt 0.585938 0.625000
vt 0.587650 0.750000
vt 0.578125 0.750000
vt 0.578125 0.597608
vt 0.585938 0.875000
vt 0.578125 0.902392
vt 0.570313 0.875000
vt 0.568601 0.750000
vt 0.570313 0.625000
vt 0.525150 0.750000
vt 0.515625 0.750000
vt 0.515625 0.597608
vt 0.523438 0.875000
vt 0.515625 0.902392
vt 0.507813 0.875000
vt 0.506101 0.750000
vt 0.462650 0.750000
vt 0.453125 0.750000
vt 0.453125 0.597608
vt 0.460938 0.875000
vt 0.453125 0.902392
vt 0.445313 0.875000
vt 0.443601 0.750000
vt 0.400150 0.750000
vt 0.390625 0.750000
vt 0.390625 0.597608
vt 0.398438 0.875000
vt 0.390625 0.902392
vt 0.382813 0.875000
vt 0.381101 0.750000
vt 0.335938 0.625000
vt 0.337650 0.750000
vt 0.328125 0.750000
vt 0.328125 0.597608
vt 0.335938 0.875000
vt 0.328125 0.902392
vt 0.320313 0.875000
vt 0.318601 0.750000
vt 0.320313 0.625000
vt 0.273438 0.625000
vt 0.275150 0.750000
vt 0.265625 0.750000
vt 0.265625 0.597608
vt 0.273438 0.875000
vt 0.265625 0.902392
vt 0.257813 0.875000
vt 0.256101 0.750000
vt 0.257813 0.625000
vt 0.210938 0.625000
vt 0.212650 0.750000
vt 0.203125 0.750000
vt 0.203125 0.597608
vt 0.203125 0.902392
vt 0.193601 0.750000
vt 0.195313 0.625000
vt 0.148438 0.625000
vt 0.150150 0.750000
vt 0.140625 0.750000
vt 0.140625 0.597608
vt 0.140625 0.902392
vt 0.131101 0.750000
vt 0.132812 0.625000
vt 0.085938 0.625000
vt 0.087650 0.750000
vt 0.078125 0.750000
vt 0.078125 0.597608
vt 0.078125 0.902392
vt 0.014805 0.750000
vt 0.014636 0.583526
vt 0.014636 0.916474
vt 0.000000 0.750000
vt 0.717496 0.750000
vt 0.713638 0.587971
vt 0.713638 0.912029
vt 0.578125 0.500000
vt 0.578125 0.527006
vt 0.567612 0.583526
vt 0.588638 0.583526
vt 0.578125 0.597608
vt 0.683377 0.750000
vt 0.688754 0.750000
vt 0.692612 0.912029
vt 0.692612 0.587971
vt 0.693600 0.750000
vt 0.015516 0.993819
vt 0.014998 0.981914
vt 0.014636 0.916474
vt 0.828125 0.987639
vt 0.828125 0.970772
vt 0.828125 0.902392
vt 0.654996 0.750000
vt 0.651138 0.587971
vt 0.651138 0.912029
vt 0.640625 0.512361
vt 0.640625 0.529229
vt 0.630112 0.587971
vt 0.640625 0.597608
vt 0.620877 0.750000
vt 0.626254 0.750000
vt 0.630112 0.912029
vt 0.631101 0.750000
vt 0.765625 0.987639
vt 0.765625 0.970772
vt 0.592496 0.748889
vt 0.588638 0.912029
vt 0.703125 0.512361
vt 0.703125 0.529229
vt 0.703125 0.597608
vt 0.558377 0.743819
vt 0.563754 0.748889
vt 0.567612 0.912029
vt 0.703125 0.987639
vt 0.703125 0.970772
vt 0.703125 0.902392
vt 0.529996 0.748889
vt 0.526138 0.912029
vt 0.765625 0.512361
vt 0.765625 0.529229
vt 0.495877 0.745556
vt 0.501254 0.748889
vt 0.505112 0.912029
vt 0.640625 0.987639
vt 0.640625 0.970772
vt 0.640625 0.902392
vt 0.467496 0.750000
vt 0.463638 0.912029
vt 0.828125 0.512361
vt 0.828125 0.529229
vt 0.015516 0.506181
vt 0.014998 0.518086
vt 0.014636 0.583526
vt 0.433377 0.750000
vt 0.438754 0.750000
vt 0.442612 0.912029
vt 0.578125 0.987639
vt 0.578125 0.970772
vt 0.404996 0.750000
vt 0.401138 0.912029
vt 0.890625 0.512361
vt 0.890625 0.529229
vt 0.890625 0.597608
vt 0.078125 0.512361
vt 0.078125 0.529229
vt 0.088638 0.587971
vt 0.370877 0.750000
vt 0.376254 0.750000
vt 0.380112 0.912029
vt 0.381101 0.750000
vt 0.515625 0.987639
vt 0.515625 0.970772
vt 0.342496 0.750000
vt 0.338638 0.587971
vt 0.338638 0.912029
vt 0.953125 0.512361
vt 0.953125 0.529229
vt 0.942612 0.587971
vt 0.963638 0.587971
vt 0.140625 0.512361
vt 0.140625 0.529229
vt 0.130112 0.587971
vt 0.151138 0.587971
vt 0.140625 0.597608
vt 0.308377 0.750000
vt 0.313754 0.750000
vt 0.317612 0.912029
vt 0.317612 0.587971
vt 0.318601 0.750000
vt 0.453125 0.987639
vt 0.453125 0.970772
vt 0.453125 0.902392
vt 0.279996 0.750000
vt 0.276138 0.587971
vt 0.276138 0.912029
vt 0.203125 0.512361
vt 0.203125 0.529229
vt 0.192612 0.587971
vt 0.213638 0.587971
vt 0.203125 0.597608
vt 0.245877 0.750000
vt 0.251254 0.750000
vt 0.255112 0.912029
vt 0.255112 0.587971
vt 0.390625 0.987639
vt 0.390625 0.970772
vt 0.217496 0.750000
vt 0.265625 0.512361
vt 0.265625 0.529229
vt 0.183377 0.750000
vt 0.188754 0.750000
vt 0.193601 0.750000
vt 0.995660 0.750000
vt 0.999566 0.750000
vt 1.000000 0.750000
vt 0.328125 0.987639
vt 0.328125 0.970772
vt 0.328125 0.902392
vt 0.154996 0.750000
vt 0.967496 0.750000
vt 0.328125 0.512361
vt 0.328125 0.529229
vt 0.328125 0.597608
vt 0.120877 0.750000
vt 0.126254 0.750000
vt 0.933377 0.750000
vt 0.938754 0.750000
vt 0.265625 0.987639
vt 0.265625 0.970772
vt 0.092496 0.750000
s 0
usemtl マテリアル.021
f 97/1/1 258/2/1 737/3/1 480/3/1
f 258/2/1 2/2/1 259/4/1 737/3/1
f 737/3/1 259/4/1 4/5/1 260/6/1
f 480/3/1 737/3/1 260/6/1 98/5/1
f 98/5/1 260/6/1 738/7/1 479/7/1
f 260/6/1 4/5/1 262/8/1 738/7/1
f 738/7/1 262/8/1 6/9/1 263/10/1
f 479/7/1 738/7/1 263/10/1 99/10/1
f 99/10/1 263/10/1 739/11/1 478/11/1
f 263/10/1 6/9/1 265/12/1 739/11/1
f 739/11/1 265/12/1 8/13/1 266/14/1
f 478/11/1 739/11/1 266/14/1 100/15/1
f 100/15/2 266/14/2 740/16/2 477/17/2
f 266/14/2 8/13/2 268/18/2 740/16/2
f 740/16/2 268/18/2 10/19/2 269/20/2
f 477/17/2 740/16/2 269/20/2 101/20/2
f 101/20/2 269/20/2 741/21/2 476/21/2
f 269/20/2 10/19/2 271/22/2 741/21/2
f 741/21/2 271/22/2 12/23/2 272/24/2
f 476/21/2 741/21/2 272/24/2 102/24/2
f 102/24/2 272/24/2 742/25/2 475/25/2
f 272/24/2 12/23/2 274/26/2 742/25/2
f 742/25/2 274/26/2 14/27/2 275/28/2
f 475/25/2 742/25/2 275/28/2 103/28/2
f 103/28/2 275/28/2 743/29/2 474/29/2
f 275/28/2 14/27/2 277/30/2 743/29/2
f 743/29/2 277/30/2 16/31/2 278/32/2
f 474/29/2 743/29/2 278/32/2 104/32/2
f 104/32/2 278/32/2 744/33/2 473/34/2
f 278/32/2 16/31/2 280/35/2 744/33/2
f 744/33/2 280/35/2 18/36/2 281/36/2
f 473/34/2 744/33/2 281/36/2 105/37/2
f 105/37/3 281/36/3 745/38/3 472/39/3
f 281/36/3 18/36/3 283/40/3 745/38/3
f 745/38/3 283/40/3 20/41/3 284/42/3
f 472/39/3 745/38/3 284/42/3 106/42/3
f 106/42/3 284/42/3 746/43/3 471/43/3
f 284/42/3 20/41/3 286/44/3 746/43/3
f 746/43/3 286/44/3 22/45/3 287/45/3
f 471/43/3 746/43/3 287/45/3 107/45/3
f 107/45/3 287/45/3 747/46/3 470/47/3
f 287/45/3 22/45/3 289/48/3 747/46/3
f 747/46/3 289/48/3 24/49/3 290/50/3
f 470/47/3 747/46/3 290/50/3 108/50/3
f 108/50/4 290/50/4 748/51/4 469/51/4
f 290/50/4 24/49/4 292/52/4 748/51/4
f 748/51/4 292/52/4 26/53/4 293/53/4
f 469/51/4 748/51/4 293/53/4 109/54/4
f 109/54/4 293/53/4 749/55/4 468/56/4
f 293/53/4 26/53/4 295/57/4 749/55/4
f 749/55/4 295/57/4 28/58/4 296/59/4
f 468/56/4 749/55/4 296/59/4 110/59/4
f 110/59/4 296/59/4 750/60/4 467/61/4
f 296/59/4 28/58/4 298/62/4 750/60/4
f 750/60/4 298/62/4 30/63/4 299/64/4
f 467/61/4 750/60/4 299/64/4 111/65/4
f 111/65/4 299/64/4 751/66/4 466/67/4
f 299/64/4 30/63/4 301/68/4 751/66/4
f 751/66/4 301/68/4 32/69/4 302/70/4
f 466/67/4 751/66/4 302/70/4 112/70/4
f 112/70/4 302/70/4 752/71/4 465/71/4
f 302/70/4 32/69/4 304/72/4 752/71/4
f 752/71/4 304/72/4 34/73/4 305/74/4
f 465/71/4 752/71/4 305/74/4 113/74/4
f 113/74/5 305/74/5 753/75/5 464/76/5
f 305/74/6 34/73/6 307/77/6 753/75/6
f 753/75/7 307/77/7 36/78/7 308/79/7
f 464/76/8 753/75/8 308/79/8 114/80/8
f 114/80/9 308/79/9 754/81/9 463/82/9
f 308/79/10 36/78/10 310/83/10 754/81/10
f 754/81/11 310/83/11 38/84/11 311/85/11
f 463/82/12 754/81/12 311/85/12 115/85/12
f 115/85/13 311/85/13 755/86/13 462/87/13
f 311/85/14 38/84/14 313/88/14 755/86/14
f 755/86/15 313/88/15 40/89/15 314/90/15
f 462/87/15 755/86/15 314/90/15 116/90/15
f 116/90/16 314/90/16 756/91/16 461/91/16
f 314/90/17 40/89/17 316/92/17 756/91/17
f 756/91/18 316/92/18 42/93/18 317/94/18
f 461/91/19 756/91/19 317/94/19 117/95/19
f 117/95/20 317/94/20 757/96/20 460/97/20
f 317/94/21 42/93/21 319/98/21 757/96/21
f 757/96/22 319/98/22 44/99/22 320/99/22
f 460/97/23 757/96/23 320/99/23 118/100/23
f 118/100/24 320/99/24 758/101/24 459/101/24
f 320/99/24 44/99/24 322/102/24 758/101/24
f 758/101/24 322/102/24 46/103/24 323/104/24
f 459/101/24 758/101/24 323/104/24 119/105/24
f 119/105/24 323/104/24 759/106/24 458/107/24
f 323/104/24 46/103/24 325/108/24 759/106/24
f 759/106/24 325/108/24 48/109/24 326/109/24
f 458/107/24 759/106/24 326/109/24 120/109/24
f 120/109/24 326/109/24 760/110/24 457/110/24
f 326/109/24 48/109/24 328/111/24 760/110/24
f 760/110/25 328/111/25 50/112/25 329/113/25
f 457/110/25 760/110/25 329/113/25 121/113/25
f 121/113/25 329/113/25 761/114/25 456/114/25
f 329/113/25 50/112/25 331/115/25 761/114/25
f 761/114/25 331/115/25 52/116/25 332/117/25
f 456/114/25 761/114/25 332/117/25 122/116/25
f 122/116/25 332/117/25 762/118/25 455/119/25
f 332/117/25 52/116/25 334/120/25 762/118/25
f 762/118/25 334/120/25 54/121/25 335/122/25
f 455/119/25 762/118/25 335/122/25 123/122/25
f 123/122/25 335/122/25 763/123/25 454/124/25
f 335/122/25 54/121/25 337/125/25 763/123/25
f 763/123/26 337/125/26 56/126/26 338/127/26
f 454/124/26 763/123/26 338/127/26 124/126/26
f 124/126/26 338/127/26 764/128/26 453/129/26
f 338/127/26 56/126/26 340/130/26 764/128/26
f 764/128/26 340/130/26 58/131/26 341/132/26
f 453/129/26 764/128/26 341/132/26 125/131/26
f 125/131/26 341/132/26 765/133/26 452/134/26
f 341/132/26 58/131/26 343/135/26 765/133/26
f 765/133/26 343/135/26 60/136/26 344/137/26
f 452/134/26 765/133/26 344/137/26 126/137/26
f 126/137/26 344/137/26 766/138/26 451/139/26
f 344/137/26 60/136/26 346/140/26 766/138/26
f 766/138/26 346/140/26 62/141/26 347/141/26
f 451/139/26 766/138/26 347/141/26 127/142/26
f 62/143/26 346/144/26 767/145/26 348/146/26
f 60/147/26 343/148/26 767/145/26 346/149/26
f 58/150/26 340/151/26 767/145/26 343/148/26
f 56/152/26 337/153/26 767/145/26 340/154/26
f 54/155/25 334/156/25 767/145/25 337/157/25
f 52/158/25 331/159/25 767/145/25 334/160/25
f 50/161/25 328/162/25 767/145/25 331/159/25
f 48/163/24 325/164/24 767/145/24 328/162/24
f 46/165/24 322/166/24 767/145/24 325/167/24
f 44/168/27 319/169/27 767/145/27 322/170/27
f 42/171/28 316/172/28 767/145/28 319/169/28
f 40/173/29 313/174/29 767/145/29 316/172/29
f 38/175/30 310/176/30 767/145/30 313/177/30
f 36/178/31 307/179/31 767/145/31 310/180/31
f 34/181/32 304/182/32 767/145/32 307/179/32
f 32/183/4 301/184/4 767/145/4 304/182/4
f 30/185/4 298/186/4 767/145/4 301/187/4
f 28/188/4 295/189/4 767/145/4 298/190/4
f 26/191/4 292/192/4 767/145/4 295/193/4
f 24/194/4 289/195/4 767/145/4 292/192/4
f 22/196/3 286/197/3 767/145/3 289/198/3
f 20/199/3 283/200/3 767/145/3 286/201/3
f 18/202/2 280/203/2 767/145/2 283/200/2
f 16/204/2 277/205/2 767/145/2 280/203/2
f 14/206/2 274/207/2 767/145/2 277/208/2
f 12/209/2 271/210/2 767/145/2 274/211/2
f 10/212/2 268/213/2 767/145/2 271/214/2
f 8/215/1 265/216/1 767/145/1 268/217/1
f 6/218/1 262/219/1 767/145/1 265/220/1
f 4/221/1 259/222/1 767/145/1 262/223/1
f 2/224/1 349/225/1 767/145/1 259/222/1
f 64/226/26 348/227/26 767/145/26 349/225/26
f 127/142/26 347/141/26 768/228/26 450/229/26
f 347/141/26 62/141/26 348/230/26 768/228/26
f 768/228/26 348/230/26 64/231/26 351/232/26
f 450/229/26 768/228/26 351/232/26 128/231/26
f 128/231/26 351/232/26 769/233/26 449/233/26
f 351/232/26 64/231/26 349/234/26 769/233/26
f 769/233/1 349/234/1 2/235/1 258/235/1
f 449/233/1 769/233/1 258/235/1 97/236/1
f 63/237/33 352/238/33 770/239/33 350/240/33
f 1/241/33 257/242/33 770/239/33 352/243/33
f 3/244/33 261/245/33 770/239/33 257/246/33
f 5/247/33 264/248/33 770/239/33 261/245/33
f 7/249/33 267/250/33 770/239/33 264/248/33
f 9/251/33 270/252/33 770/239/33 267/250/33
f 11/253/33 273/254/33 770/239/33 270/255/33
f 13/256/33 276/257/33 770/239/33 273/258/33
f 15/259/33 279/260/33 770/239/33 276/261/33
f 17/262/33 282/263/33 770/239/33 279/260/33
f 19/264/33 285/265/33 770/239/33 282/263/33
f 21/266/33 288/267/33 770/239/33 285/268/33
f 23/269/33 291/270/33 770/239/33 288/271/33
f 25/272/33 294/273/33 770/239/33 291/270/33
f 27/274/33 297/275/33 770/239/33 294/273/33
f 29/276/33 300/277/33 770/239/33 297/275/33
f 31/278/33 303/279/33 770/239/33 300/277/33
f 33/280/33 306/281/33 770/239/33 303/282/33
f 35/283/33 309/284/33 770/239/33 306/285/33
f 37/286/33 312/287/33 770/239/33 309/284/33
f 39/288/33 315/289/33 770/239/33 312/287/33
f 41/290/33 318/291/33 770/239/33 315/292/33
f 43/293/33 321/294/33 770/239/33 318/291/33
f 45/295/33 324/296/33 770/239/33 321/297/33
f 47/298/33 327/299/33 770/239/33 324/300/33
f 49/301/33 330/302/33 770/239/33 327/299/33
f 51/303/33 333/304/33 770/239/33 330/302/33
f 53/305/33 336/306/33 770/239/33 333/307/33
f 55/308/33 339/309/33 770/239/33 336/310/33
f 57/311/33 342/312/33 770/239/33 339/313/33
f 59/314/33 345/315/33 770/239/33 342/316/33
f 61/317/33 350/240/33 770/239/33 345/315/33
f 63/318/33 384/319/33 771/320/33 352/321/33
f 384/319/33 96/319/33 385/320/33 771/320/33
f 771/320/33 385/320/33 65/322/33 353/323/33
f 352/321/33 771/320/33 353/323/33 1/323/33
f 61/324/33 383/325/33 772/326/33 350/327/33
f 383/325/33 95/325/33 386/326/33 772/326/33
f 772/326/33 386/326/33 96/319/33 384/319/33
f 350/327/33 772/326/33 384/319/33 63/318/33
f 59/328/33 382/329/33 773/330/33 345/331/33
f 382/329/33 94/329/33 387/330/33 773/330/33
f 773/330/33 387/330/33 95/325/33 383/325/33
f 345/331/33 773/330/33 383/325/33 61/324/33
f 57/332/33 381/332/33 774/333/33 342/334/33
f 381/332/33 93/332/33 388/333/33 774/333/33
f 774/333/33 388/333/33 94/329/33 382/329/33
f 342/334/33 774/333/33 382/329/33 59/328/33
f 55/335/33 380/335/33 775/336/33 339/337/33
f 380/335/33 92/335/33 389/336/33 775/336/33
f 775/336/33 389/336/33 93/332/33 381/332/33
f 339/337/33 775/336/33 381/332/33 57/332/33
f 53/338/33 379/339/33 776/340/33 336/341/33
f 379/339/33 91/339/33 390/340/33 776/340/33
f 776/340/33 390/340/33 92/335/33 380/335/33
f 336/341/33 776/340/33 380/335/33 55/335/33
f 51/342/33 378/342/33 777/343/33 333/344/33
f 378/342/33 90/342/33 391/343/33 777/343/33
f 777/343/33 391/343/33 91/339/33 379/339/33
f 333/344/33 777/343/33 379/339/33 53/338/33
f 49/345/33 377/346/33 778/347/33 330/348/33
f 377/346/33 89/346/33 392/347/33 778/347/33
f 778/347/33 392/347/33 90/342/33 378/342/33
f 330/348/33 778/347/33 378/342/33 51/342/33
f 47/349/33 376/349/33 779/350/33 327/351/33
f 376/349/33 88/349/33 393/350/33 779/350/33
f 779/350/33 393/350/33 89/346/33 377/346/33
f 327/351/33 779/350/33 377/346/33 49/345/33
f 45/352/33 375/353/33 780/354/33 324/355/33
f 375/353/33 87/353/33 394/354/33 780/354/33
f 780/354/33 394/354/33 88/349/33 376/349/33
f 324/355/33 780/354/33 376/349/33 47/349/33
f 43/356/33 374/357/33 781/358/33 321/359/33
f 374/357/33 86/357/33 395/358/33 781/358/33
f 781/358/33 395/358/33 87/353/33 375/353/33
f 321/359/33 781/358/33 375/353/33 45/352/33
f 41/360/33 373/361/33 782/362/33 318/363/33
f 373/361/33 85/361/33 396/362/33 782/362/33
f 782/362/33 396/362/33 86/357/33 374/357/33
f 318/363/33 782/362/33 374/357/33 43/356/33
f 39/364/33 372/365/33 783/366/33 315/367/33
f 372/365/33 84/365/33 397/366/33 783/366/33
f 783/366/33 397/366/33 85/361/33 373/361/33
f 315/367/33 783/366/33 373/361/33 41/360/33
f 37/368/33 371/369/33 784/370/33 312/371/33
f 371/369/33 83/369/33 398/372/33 784/370/33
f 784/370/33 398/372/33 84/365/33 372/365/33
f 312/371/33 784/370/33 372/365/33 39/364/33
f 35/373/33 370/374/33 785/375/33 309/376/33
f 370/374/33 82/374/33 399/375/33 785/375/33
f 785/375/33 399/375/33 83/369/33 371/369/33
f 309/376/33 785/375/33 371/369/33 37/368/33
f 33/377/33 369/378/33 786/379/33 306/380/33
f 369/378/33 81/377/33 400/379/33 786/379/33
f 786/379/33 400/379/33 82/374/33 370/374/33
f 306/380/33 786/379/33 370/374/33 35/373/33
f 31/381/33 368/381/33 787/382/33 303/383/33
f 368/381/33 80/384/33 401/383/33 787/382/33
f 787/382/33 401/383/33 81/377/33 369/378/33
f 303/383/33 787/382/33 369/378/33 33/377/33
f 29/385/33 367/385/33 788/386/33 300/387/33
f 367/385/33 79/388/33 402/386/33 788/386/33
f 788/386/33 402/386/33 80/389/33 368/381/33
f 300/387/33 788/386/33 368/381/33 31/381/33
f 27/390/33 366/391/33 789/392/33 297/393/33
f 366/391/33 78/390/33 403/393/33 789/392/33
f 789/392/33 403/393/33 79/394/33 367/385/33
f 297/393/33 789/392/33 367/385/33 29/385/33
f 25/395/33 365/396/33 790/397/33 294/398/33
f 365/396/33 77/396/33 404/397/33 790/397/33
f 790/397/33 404/397/33 78/390/33 366/391/33
f 294/398/33 790/397/33 366/391/33 27/390/33
f 23/399/33 364/400/33 791/401/33 291/402/33
f 364/400/33 76/400/33 405/401/33 791/401/33
f 791/401/33 405/401/33 77/396/33 365/396/33
f 291/402/33 791/401/33 365/396/33 25/395/33
f 21/403/33 363/403/33 792/404/33 288/405/33
f 363/403/33 75/403/33 406/404/33 792/404/33
f 792/404/33 406/404/33 76/400/33 364/400/33
f 288/405/33 792/404/33 364/400/33 23/399/33
f 19/406/33 362/407/33 793/408/33 285/409/33
f 362/407/33 74/407/33 407/408/33 793/408/33
f 793/408/33 407/408/33 75/403/33 363/403/33
f 285/409/33 793/408/33 363/403/33 21/403/33
f 17/410/33 361/411/33 794/412/33 282/413/33
f 361/411/33 73/411/33 408/412/33 794/412/33
f 794/412/33 408/412/33 74/407/33 362/407/33
f 282/413/33 794/412/33 362/407/33 19/406/33
f 15/414/33 360/415/33 795/416/33 279/417/33
f 360/415/33 72/415/33 409/416/33 795/416/33
f 795/416/33 409/416/33 73/411/33 361/411/33
f 279/417/33 795/416/33 361/411/33 17/410/33
f 13/418/33 359/419/33 796/420/33 276/421/33
f 359/419/33 71/419/33 410/422/33 796/420/33
f 796/420/33 410/422/33 72/415/33 360/415/33
f 276/421/33 796/420/33 360/415/33 15/414/33
f 11/423/33 358/424/33 797/425/33 273/426/33
f 358/424/33 70/424/33 411/427/33 797/425/33
f 797/425/33 411/427/33 71/419/33 359/419/33
f 273/426/33 797/425/33 359/419/33 13/418/33
f 9/428/33 357/429/33 798/430/33 270/431/33
f 357/429/33 69/429/33 412/430/33 798/430/33
f 798/430/33 412/430/33 70/424/33 358/424/33
f 270/431/33 798/430/33 358/424/33 11/423/33
f 7/432/33 356/433/33 799/434/33 267/435/33
f 356/433/33 68/433/33 413/434/33 799/434/33
f 799/434/33 413/434/33 69/429/33 357/429/33
f 267/435/33 799/434/33 357/429/33 9/428/33
f 5/436/33 355/437/33 800/438/33 264/439/33
f 355/437/33 67/440/33 414/438/33 800/438/33
f 800/438/33 414/438/33 68/433/33 356/433/33
f 264/439/33 800/438/33 356/433/33 7/432/33
f 3/441/33 354/441/33 801/442/33 261/443/33
f 354/441/33 66/441/33 415/442/33 801/442/33
f 801/442/33 415/442/33 67/440/33 355/437/33
f 261/443/33 801/442/33 355/437/33 5/436/33
f 1/444/33 353/444/33 802/445/33 257/446/33
f 353/444/33 65/447/33 416/445/33 802/445/33
f 802/445/33 416/445/33 66/441/33 354/441/33
f 257/446/33 802/445/33 354/441/33 3/441/33
f 160/448/34 448/449/34 803/450/34 544/451/34
f 448/449/35 128/231/35 449/233/35 803/450/35
f 803/450/36 449/233/36 97/236/36 417/235/36
f 544/451/37 803/450/37 417/235/37 129/236/37
f 159/452/38 447/453/38 804/454/38 543/455/38
f 447/453/39 127/142/39 450/229/39 804/454/39
f 804/454/40 450/229/40 128/231/40 448/449/40
f 543/455/41 804/454/41 448/449/41 160/448/41
f 158/456/42 446/457/42 805/458/42 542/459/42
f 446/457/43 126/137/43 451/139/43 805/458/43
f 805/458/44 451/139/44 127/142/44 447/453/44
f 542/459/45 805/458/45 447/453/45 159/452/45
f 157/460/46 445/461/46 806/462/46 541/463/46
f 445/461/47 125/131/47 452/134/47 806/462/47
f 806/462/48 452/134/48 126/137/48 446/457/48
f 541/463/49 806/462/49 446/457/49 158/456/49
f 156/464/50 444/465/50 807/466/50 540/467/50
f 444/465/51 124/126/51 453/129/51 807/466/51
f 807/466/52 453/129/52 125/131/52 445/461/52
f 540/467/53 807/466/53 445/461/53 157/460/53
f 155/468/54 443/469/54 808/470/54 539/471/54
f 443/469/55 123/122/55 454/124/55 808/470/55
f 808/470/56 454/124/56 124/126/56 444/465/56
f 539/471/57 808/470/57 444/465/57 156/464/57
f 154/472/58 442/473/58 809/474/58 538/475/58
f 442/473/59 122/116/59 455/119/59 809/474/59
f 809/474/60 455/119/60 123/122/60 443/469/60
f 538/475/61 809/474/61 443/469/61 155/468/61
f 153/476/62 441/477/62 810/478/62 537/479/62
f 441/477/63 121/113/63 456/114/63 810/478/63
f 810/478/64 456/114/64 122/116/64 442/473/64
f 537/479/65 810/478/65 442/473/65 154/472/65
f 152/480/66 440/481/66 811/482/66 536/483/66
f 440/481/67 120/109/67 457/110/67 811/482/67
f 811/482/68 457/110/68 121/113/68 441/477/68
f 536/483/69 811/482/69 441/477/69 153/476/69
f 151/484/70 439/485/70 812/486/70 535/487/70
f 439/485/71 119/105/71 458/107/71 812/486/71
f 812/486/72 458/107/72 120/109/72 440/481/72
f 535/487/73 812/486/73 440/481/73 152/480/73
f 150/488/74 438/489/74 813/490/74 534/491/74
f 438/489/75 118/100/75 459/101/75 813/490/75
f 813/490/76 459/101/76 119/105/76 439/485/76
f 534/491/77 813/490/77 439/485/77 151/484/77
f 149/492/78 437/493/78 814/494/78 533/495/78
f 437/493/79 117/95/79 460/97/79 814/494/79
f 814/494/80 460/97/80 118/100/80 438/489/80
f 533/495/81 814/494/81 438/489/81 150/488/81
f 148/496/82 436/497/82 815/498/82 532/499/82
f 436/497/83 116/90/83 461/91/83 815/498/83
f 815/498/84 461/91/84 117/95/84 437/493/84
f 532/499/85 815/498/85 437/493/85 149/492/85
f 147/500/86 435/501/86 816/502/86 531/503/86
f 435/501/87 115/85/87 462/87/87 816/502/87
f 816/502/88 462/87/88 116/90/88 436/497/88
f 531/503/89 816/502/89 436/497/89 148/496/89
f 146/504/90 434/505/90 817/506/90 530/507/90
f 434/505/91 114/80/91 463/82/91 817/506/91
f 817/506/92 463/82/92 115/85/92 435/501/92
f 530/507/93 817/506/93 435/501/93 147/500/93
f 145/508/94 433/509/94 818/510/94 529/511/94
f 433/509/95 113/74/95 464/76/95 818/510/95
f 818/510/96 464/76/96 114/80/96 434/505/96
f 529/511/97 818/510/97 434/505/97 146/504/97
f 144/512/98 432/513/98 819/514/98 528/515/98
f 432/513/99 112/70/99 465/71/99 819/514/99
f 819/514/100 465/71/100 113/74/100 433/509/100
f 528/515/101 819/514/101 433/509/101 145/508/101
f 143/516/102 431/517/102 820/518/102 527/519/102
f 431/517/103 111/65/103 466/67/103 820/518/103
f 820/518/104 466/67/104 112/70/104 432/513/104
f 527/519/105 820/518/105 432/513/105 144/512/105
f 142/520/106 430/521/106 821/522/106 526/523/106
f 430/521/107 110/59/107 467/61/107 821/522/107
f 821/522/108 467/61/108 111/65/108 431/517/108
f 526/523/109 821/522/109 431/517/109 143/516/109
f 141/524/110 429/525/110 822/526/110 525/527/110
f 429/525/111 109/54/111 468/56/111 822/526/111
f 822/526/112 468/56/112 110/59/112 430/521/112
f 525/527/113 822/526/113 430/521/113 142/520/113
f 140/528/114 428/529/114 823/530/114 524/531/114
f 428/529/115 108/50/115 469/51/115 823/530/115
f 823/530/116 469/51/116 109/54/116 429/525/116
f 524/531/117 823/530/117 429/525/117 141/524/117
f 139/532/118 427/533/118 824/534/118 523/535/118
f 427/533/119 107/45/119 470/47/119 824/534/119
f 824/534/120 470/47/120 108/50/120 428/529/120
f 523/535/121 824/534/121 428/529/121 140/528/121
f 138/536/122 426/537/122 825/538/122 522/539/122
f 426/537/123 106/42/123 471/43/123 825/538/123
f 825/538/124 471/43/124 107/45/124 427/533/124
f 522/539/125 825/538/125 427/533/125 139/532/125
f 137/540/126 425/541/126 826/542/126 521/543/126
f 425/541/127 105/37/127 472/39/127 826/542/127
f 826/542/128 472/39/128 106/42/128 426/537/128
f 521/543/129 826/542/129 426/537/129 138/536/129
f 136/544/130 424/545/130 827/546/130 520/547/130
f 424/545/131 104/32/131 473/34/131 827/546/131
f 827/546/132 473/34/132 105/37/132 425/541/132
f 520/547/133 827/546/133 425/541/133 137/540/133
f 135/548/134 423/549/134 828/550/134 519/551/134
f 423/549/135 103/28/135 474/29/135 828/550/135
f 828/550/136 474/29/136 104/32/136 424/545/136
f 519/551/137 828/550/137 424/545/137 136/544/137
f 134/552/138 422/553/138 829/554/138 518/555/138
f 422/553/139 102/24/139 475/25/139 829/554/139
f 829/554/140 475/25/140 103/28/140 423/549/140
f 518/555/141 829/554/141 423/549/141 135/548/141
f 133/556/142 421/557/142 830/558/142 517/559/142
f 421/557/143 101/20/143 476/21/143 830/558/143
f 830/558/144 476/21/144 102/24/144 422/553/144
f 517/559/145 830/558/145 422/553/145 134/552/145
f 132/560/146 420/561/146 831/562/146 516/563/146
f 420/561/147 100/15/147 477/17/147 831/562/147
f 831/562/148 477/17/148 101/20/148 421/557/148
f 516/563/149 831/562/149 421/557/149 133/556/149
f 131/564/150 419/565/150 832/566/150 515/567/150
f 419/565/151 99/10/151 478/11/151 832/566/151
f 832/566/152 478/11/152 100/15/152 420/561/152
f 515/567/153 832/566/153 420/561/153 132/560/153
f 130/568/154 418/569/154 833/570/154 514/571/154
f 418/569/155 98/5/155 479/7/155 833/570/155
f 833/570/156 479/7/156 99/10/156 419/565/156
f 514/571/157 833/570/157 419/565/157 131/564/157
f 129/1/158 417/2/158 834/572/158 513/573/158
f 417/2/159 97/1/159 480/3/159 834/572/159
f 834/572/160 480/3/160 98/5/160 418/569/160
f 513/573/161 834/572/161 418/569/161 130/568/161
f 161/447/162 481/574/162 835/575/162 608/576/162
f 481/574/163 129/1/163 513/573/163 835/575/163
f 835/575/164 513/573/164 130/568/164 482/577/164
f 608/576/165 835/575/165 482/577/165 162/578/165
f 132/560/166 516/579/166 836/580/166 673/581/166
f 516/579/167 133/556/167 680/582/167 836/580/167
f 836/580/168 680/582/168 202/583/168 642/584/168
f 673/581/169 836/580/169 642/584/169 200/585/169
f 163/586/170 483/587/170 837/588/170 606/589/170
f 483/587/171 131/564/171 515/567/171 837/588/171
f 837/588/172 515/567/172 132/560/172 484/590/172
f 606/589/173 837/588/173 484/590/173 164/591/173
f 158/456/174 542/592/174 838/593/174 701/594/174
f 542/592/175 159/452/175 678/595/175 838/593/175
f 838/593/176 678/595/176 254/596/176 655/597/176
f 701/594/177 838/593/177 655/597/177 252/598/177
f 165/599/178 485/600/178 839/601/178 604/602/178
f 485/600/179 133/556/179 517/559/179 839/601/179
f 839/601/180 517/559/180 134/552/180 486/603/180
f 604/602/181 839/601/181 486/603/181 166/604/181
f 137/540/182 489/605/182 840/606/182 700/607/182
f 489/605/183 169/608/183 699/609/183 840/606/183
f 840/606/184 699/609/184 209/610/184 617/611/184
f 700/607/185 840/606/185 617/611/185 210/612/185
f 167/613/186 487/614/186 841/615/186 602/616/186
f 487/614/187 135/548/187 519/551/187 841/615/187
f 841/615/188 519/551/188 136/544/188 488/617/188
f 602/616/189 841/615/189 488/617/189 168/618/189
f 177/377/190 593/382/190 842/619/190 698/620/190
f 593/382/191 176/621/191 697/622/191 842/619/191
f 842/619/192 697/622/192 223/623/192 665/624/192
f 698/620/193 842/619/193 665/624/193 225/625/193
f 169/608/194 489/626/194 843/627/194 600/628/194
f 489/626/195 137/540/195 521/543/195 843/627/195
f 843/627/196 521/543/196 138/536/196 490/629/196
f 600/628/197 843/627/197 490/629/197 170/630/197
f 168/618/198 488/617/198 844/631/198 696/632/198
f 488/617/199 136/544/199 695/633/199 844/631/199
f 844/631/200 695/633/200 208/634/200 616/635/200
f 696/632/201 844/631/201 616/635/201 207/636/201
f 171/637/202 491/638/202 845/639/202 598/640/202
f 491/638/203 139/532/203 523/535/203 845/639/203
f 845/639/204 523/535/204 140/528/204 492/641/204
f 598/640/205 845/639/205 492/641/205 172/642/205
f 130/568/206 514/643/206 846/644/206 694/645/206
f 514/643/207 131/564/207 693/646/207 846/644/207
f 846/644/208 693/646/208 198/647/208 641/648/208
f 694/645/209 846/644/209 641/648/209 196/649/209
f 173/650/210 493/651/210 847/652/210 596/653/210
f 493/651/211 141/524/211 525/527/211 847/652/211
f 847/652/212 525/527/212 142/520/212 494/654/212
f 596/653/213 847/652/213 494/654/213 174/390/213
f 156/464/214 540/655/214 848/656/214 692/657/214
f 540/655/215 157/460/215 691/658/215 848/656/215
f 848/656/216 691/658/216 250/659/216 654/660/216
f 692/657/217 848/656/217 654/660/217 248/661/217
f 175/662/218 495/663/218 849/664/218 594/665/218
f 495/663/219 143/516/219 527/519/219 849/664/219
f 849/664/220 527/519/220 144/512/220 496/666/220
f 594/665/221 849/664/221 496/666/221 176/621/221
f 135/548/222 487/667/222 850/668/222 690/669/222
f 487/667/223 167/613/223 689/670/223 850/668/223
f 850/668/224 689/670/224 205/671/224 615/672/224
f 690/669/225 850/668/225 615/672/225 206/673/225
f 177/377/226 497/674/226 851/675/226 592/676/226
f 497/674/227 145/508/227 529/511/227 851/675/227
f 851/675/228 529/511/228 146/504/228 498/677/228
f 592/676/229 851/675/229 498/677/229 178/678/229
f 179/679/230 591/680/230 852/681/230 688/682/230
f 591/680/231 178/678/231 687/683/231 852/681/231
f 852/681/232 687/683/232 227/684/232 664/685/232
f 688/682/233 852/681/233 664/685/233 229/686/233
f 179/679/234 499/687/234 853/688/234 590/689/234
f 499/687/235 147/500/235 531/503/235 853/688/235
f 853/688/236 531/503/236 148/496/236 500/690/236
f 590/689/237 853/688/237 500/690/237 180/691/237
f 166/604/238 486/603/238 854/692/238 686/693/238
f 486/603/239 134/552/239 685/694/239 854/692/239
f 854/692/240 685/694/240 204/695/240 614/696/240
f 686/693/241 854/692/241 614/696/241 203/697/241
f 181/698/242 501/699/242 855/700/242 588/701/242
f 501/699/243 149/492/243 533/495/243 855/700/243
f 855/700/244 533/495/244 150/488/244 502/702/244
f 588/701/245 855/700/245 502/702/245 182/703/245
f 192/704/246 512/705/246 856/706/246 684/707/246
f 512/705/247 160/448/247 683/708/247 856/706/247
f 856/706/248 683/708/248 256/709/248 640/710/248
f 684/707/249 856/706/249 640/710/249 255/711/249
f 183/712/250 503/713/250 857/714/250 586/715/250
f 503/713/251 151/484/251 535/487/251 857/714/251
f 857/714/252 535/487/252 152/480/252 504/716/252
f 586/715/253 857/714/253 504/716/253 184/717/253
f 154/472/254 538/718/254 858/719/254 682/720/254
f 538/718/255 155/468/255 681/721/255 858/719/255
f 858/719/256 681/721/256 246/722/256 653/723/256
f 682/720/257 858/719/257 653/723/257 244/724/257
f 185/725/258 505/726/258 859/727/258 584/728/258
f 505/726/259 153/476/259 537/479/259 859/727/259
f 859/727/260 537/479/260 154/472/260 506/729/260
f 584/728/261 859/727/261 506/729/261 186/730/261
f 133/556/262 485/731/262 860/732/262 680/582/262
f 485/731/263 165/599/263 679/733/263 860/732/263
f 860/732/264 679/733/264 201/734/264 613/735/264
f 680/582/265 860/732/265 613/735/265 202/583/265
f 187/736/266 507/737/266 861/738/266 582/739/266
f 507/737/267 155/468/267 539/471/267 861/738/267
f 861/738/268 539/471/268 156/464/268 508/740/268
f 582/739/269 861/738/269 508/740/269 188/741/269
f 159/452/270 511/742/270 862/743/270 678/595/270
f 511/742/271 191/744/271 677/745/271 862/743/271
f 862/743/272 677/745/272 253/746/272 639/747/272
f 678/595/273 862/743/273 639/747/273 254/596/273
f 189/748/274 509/749/274 863/750/274 580/751/274
f 509/749/275 157/460/275 541/463/275 863/750/275
f 863/750/276 541/463/276 158/456/276 510/752/276
f 580/751/277 863/750/277 510/752/277 190/753/277
f 181/698/278 589/754/278 864/755/278 676/756/278
f 589/754/279 180/691/279 675/757/279 864/755/279
f 864/755/280 675/757/280 231/758/280 663/759/280
f 676/756/281 864/755/281 663/759/281 233/760/281
f 191/744/282 511/761/282 865/762/282 578/763/282
f 511/761/283 159/452/283 543/455/283 865/762/283
f 865/762/284 543/455/284 160/448/284 512/705/284
f 578/763/285 865/762/285 512/705/285 192/704/285
f 164/591/286 484/590/286 866/764/286 674/765/286
f 484/590/287 132/560/287 673/581/287 866/764/287
f 866/764/288 673/581/288 200/585/288 612/766/288
f 674/765/289 866/764/289 612/766/289 199/767/289
f 96/319/290 576/768/290 867/769/290 385/320/290
f 576/768/291 192/704/291 577/770/291 867/769/291
f 867/769/292 577/770/292 161/322/292 545/323/292
f 385/320/293 867/769/293 545/323/293 65/322/293
f 95/325/294 575/771/294 868/772/294 386/326/294
f 575/771/295 191/744/295 578/763/295 868/772/295
f 868/772/296 578/763/296 192/704/296 576/768/296
f 386/326/297 868/772/297 576/768/297 96/319/297
f 94/329/298 574/773/298 869/774/298 387/330/298
f 574/773/299 190/753/299 579/775/299 869/774/299
f 869/774/300 579/775/300 191/744/300 575/771/300
f 387/330/301 869/774/301 575/771/301 95/325/301
f 93/332/302 573/776/302 870/777/302 388/333/302
f 573/776/303 189/748/303 580/751/303 870/777/303
f 870/777/304 580/751/304 190/753/304 574/773/304
f 388/333/305 870/777/305 574/773/305 94/329/305
f 92/335/306 572/778/306 871/779/306 389/336/306
f 572/778/307 188/741/307 581/780/307 871/779/307
f 871/779/308 581/780/308 189/748/308 573/776/308
f 389/336/309 871/779/309 573/776/309 93/332/309
f 91/339/310 571/781/310 872/782/310 390/340/310
f 571/781/311 187/736/311 582/739/311 872/782/311
f 872/782/312 582/739/312 188/741/312 572/778/312
f 390/340/313 872/782/313 572/778/313 92/335/313
f 90/342/314 570/783/314 873/784/314 391/343/314
f 570/783/315 186/730/315 583/785/315 873/784/315
f 873/784/316 583/785/316 187/736/316 571/781/316
f 391/343/317 873/784/317 571/781/317 91/339/317
f 89/346/318 569/786/318 874/787/318 392/347/318
f 569/786/319 185/725/319 584/728/319 874/787/319
f 874/787/320 584/728/320 186/730/320 570/783/320
f 392/347/321 874/787/321 570/783/321 90/342/321
f 88/349/322 568/788/322 875/789/322 393/350/322
f 568/788/323 184/717/323 585/790/323 875/789/323
f 875/789/324 585/790/324 185/725/324 569/786/324
f 393/350/325 875/789/325 569/786/325 89/346/325
f 87/353/326 567/791/326 876/792/326 394/354/326
f 567/791/327 183/712/327 586/715/327 876/792/327
f 876/792/328 586/715/328 184/717/328 568/788/328
f 394/354/329 876/792/329 568/788/329 88/349/329
f 86/357/330 566/793/330 877/794/330 395/358/330
f 566/793/331 182/703/331 587/795/331 877/794/331
f 877/794/332 587/795/332 183/712/332 567/791/332
f 395/358/333 877/794/333 567/791/333 87/353/333
f 85/361/334 565/796/334 878/797/334 396/362/334
f 565/796/335 181/698/335 588/701/335 878/797/335
f 878/797/336 588/701/336 182/703/336 566/793/336
f 396/362/337 878/797/337 566/793/337 86/357/337
f 84/365/338 564/798/338 879/799/338 397/366/338
f 564/798/339 180/691/339 589/800/339 879/799/339
f 879/799/340 589/800/340 181/698/340 565/796/340
f 397/366/341 879/799/341 565/796/341 85/361/341
f 83/369/342 563/801/342 880/802/342 398/372/342
f 563/801/343 179/679/343 590/689/343 880/802/343
f 880/802/344 590/689/344 180/691/344 564/798/344
f 398/372/345 880/802/345 564/798/345 84/365/345
f 82/374/346 562/803/346 881/804/346 399/375/346
f 562/803/347 178/678/347 591/805/347 881/804/347
f 881/804/348 591/805/348 179/679/348 563/801/348
f 399/375/349 881/804/349 563/801/349 83/369/349
f 81/377/350 561/806/350 882/807/350 400/379/350
f 561/806/351 177/377/351 592/676/351 882/807/351
f 882/807/352 592/676/352 178/678/352 562/803/352
f 400/379/353 882/807/353 562/803/353 82/374/353
f 80/389/354 560/384/354 883/382/354 401/383/354
f 560/384/355 176/621/355 593/382/355 883/382/355
f 883/382/356 593/382/356 177/806/356 561/806/356
f 401/383/357 883/382/357 561/806/357 81/806/357
f 79/388/358 559/394/358 884/386/358 402/386/358
f 559/394/359 175/662/359 594/665/359 884/386/359
f 884/386/360 594/665/360 176/621/360 560/384/360
f 402/386/361 884/386/361 560/384/361 80/389/361
f 78/808/362 558/808/362 885/392/362 403/393/362
f 558/808/363 174/808/363 595/392/363 885/392/363
f 885/392/364 595/392/364 175/662/364 559/394/364
f 403/393/365 885/392/365 559/394/365 79/388/365
f 77/396/366 557/809/366 886/810/366 404/397/366
f 557/809/367 173/650/367 596/653/367 886/810/367
f 886/810/368 596/653/368 174/390/368 558/808/368
f 404/397/369 886/810/369 558/808/369 78/390/369
f 76/400/370 556/811/370 887/812/370 405/401/370
f 556/811/371 172/642/371 597/813/371 887/812/371
f 887/812/372 597/813/372 173/650/372 557/809/372
f 405/401/373 887/812/373 557/809/373 77/396/373
f 75/403/374 555/814/374 888/815/374 406/404/374
f 555/814/375 171/637/375 598/640/375 888/815/375
f 888/815/376 598/640/376 172/642/376 556/811/376
f 406/404/377 888/815/377 556/811/377 76/400/377
f 74/407/378 554/816/378 889/817/378 407/408/378
f 554/816/379 170/630/379 599/818/379 889/817/379
f 889/817/380 599/818/380 171/637/380 555/814/380
f 407/408/381 889/817/381 555/814/381 75/403/381
f 73/411/382 553/819/382 890/820/382 408/412/382
f 553/819/383 169/608/383 600/628/383 890/820/383
f 890/820/384 600/628/384 170/630/384 554/816/384
f 408/412/385 890/820/385 554/816/385 74/407/385
f 72/415/386 552/821/386 891/822/386 409/416/386
f 552/821/387 168/618/387 601/823/387 891/822/387
f 891/822/388 601/823/388 169/608/388 553/819/388
f 409/416/389 891/822/389 553/819/389 73/411/389
f 71/419/390 551/824/390 892/825/390 410/422/390
f 551/824/391 167/613/391 602/616/391 892/825/391
f 892/825/392 602/616/392 168/618/392 552/821/392
f 410/422/393 892/825/393 552/821/393 72/415/393
f 70/424/394 550/826/394 893/827/394 411/427/394
f 550/826/395 166/604/395 603/828/395 893/827/395
f 893/827/396 603/828/396 167/613/396 551/824/396
f 411/427/397 893/827/397 551/824/397 71/419/397
f 69/429/398 549/829/398 894/830/398 412/430/398
f 549/829/399 165/599/399 604/602/399 894/830/399
f 894/830/400 604/602/400 166/604/400 550/826/400
f 412/430/401 894/830/401 550/826/401 70/424/401
f 68/433/402 548/831/402 895/832/402 413/434/402
f 548/831/403 164/591/403 605/833/403 895/832/403
f 895/832/404 605/833/404 165/599/404 549/829/404
f 413/434/405 895/832/405 549/829/405 69/429/405
f 67/440/406 547/834/406 896/835/406 414/438/406
f 547/834/407 163/586/407 606/589/407 896/835/407
f 896/835/408 606/589/408 164/591/408 548/831/408
f 414/438/409 896/835/409 548/831/409 68/433/409
f 66/441/410 546/836/410 897/837/410 415/442/410
f 546/836/411 162/578/411 607/838/411 897/837/411
f 897/837/412 607/838/412 163/586/412 547/834/412
f 415/442/413 897/837/413 547/834/413 67/440/413
f 65/447/414 545/444/414 898/839/414 416/445/414
f 545/444/415 161/447/415 608/576/415 898/839/415
f 898/839/416 608/576/416 162/578/416 546/836/416
f 416/445/417 898/839/417 546/836/417 66/441/417
f 195/840/418 610/841/418 899/842/418 672/843/418
f 610/841/419 196/649/419 641/844/419 899/842/419
f 899/842/420 641/844/420 198/647/420 611/845/420
f 672/843/421 899/842/421 611/845/421 197/846/421
f 199/767/422 612/766/422 900/847/422 671/848/422
f 612/766/423 200/585/423 642/849/423 900/847/423
f 900/847/424 642/849/424 202/583/424 613/850/424
f 671/848/425 900/847/425 613/850/425 201/734/425
f 203/697/426 614/696/426 901/851/426 670/852/426
f 614/696/427 204/695/427 643/853/427 901/851/427
f 901/851/428 643/853/428 206/673/428 615/854/428
f 670/852/429 901/851/429 615/854/429 205/671/429
f 207/636/430 616/635/430 902/855/430 669/856/430
f 616/635/431 208/634/431 644/857/431 902/855/431
f 902/855/432 644/857/432 210/612/432 617/858/432
f 669/856/433 902/855/433 617/858/433 209/610/433
f 211/859/434 618/860/434 903/861/434 668/862/434
f 618/860/435 212/863/435 645/864/435 903/861/435
f 903/861/436 645/864/436 214/865/436 619/866/436
f 668/862/437 903/861/437 619/866/437 213/867/437
f 215/868/438 620/869/438 904/870/438 667/871/438
f 620/869/439 216/872/439 646/873/439 904/870/439
f 904/870/440 646/873/440 218/874/440 621/875/440
f 667/871/441 904/870/441 621/875/441 217/876/441
f 219/877/442 622/878/442 905/879/442 666/880/442
f 622/878/443 220/881/443 647/882/443 905/879/443
f 905/879/444 647/882/444 222/883/444 623/884/444
f 666/880/445 905/879/445 623/884/445 221/885/445
f 223/623/446 624/886/446 906/887/446 665/888/446
f 624/886/447 224/889/447 648/890/447 906/887/447
f 906/887/448 648/890/448 226/891/448 625/892/448
f 665/888/449 906/887/449 625/892/449 225/625/449
f 227/684/450 626/893/450 907/894/450 664/895/450
f 626/893/451 228/896/451 649/897/451 907/894/451
f 907/894/452 649/897/452 230/898/452 627/899/452
f 664/895/453 907/894/453 627/899/453 229/686/453
f 231/758/454 628/900/454 908/901/454 663/902/454
f 628/900/455 232/903/455 650/904/455 908/901/455
f 908/901/456 650/904/456 234/905/456 629/906/456
f 663/902/457 908/901/457 629/906/457 233/760/457
f 235/907/458 630/908/458 909/909/458 662/910/458
f 630/908/459 236/911/459 651/912/459 909/909/459
f 909/909/460 651/912/460 238/913/460 631/914/460
f 662/910/461 909/909/461 631/914/461 237/915/461
f 239/916/462 632/917/462 910/918/462 661/919/462
f 632/917/463 240/920/463 652/921/463 910/918/463
f 910/918/464 652/921/464 242/922/464 633/923/464
f 661/919/465 910/918/465 633/923/465 241/924/465
f 243/925/466 634/926/466 911/927/466 660/928/466
f 634/926/467 244/724/467 653/929/467 911/927/467
f 911/927/468 653/929/468 246/722/468 635/930/468
f 660/928/469 911/927/469 635/930/469 245/931/469
f 247/932/470 636/933/470 912/934/470 659/935/470
f 636/933/471 248/661/471 654/936/471 912/934/471
f 912/934/472 654/936/472 250/659/472 637/937/472
f 659/935/473 912/934/473 637/937/473 249/938/473
f 251/939/474 638/940/474 913/941/474 658/942/474
f 638/940/475 252/598/475 655/943/475 913/941/475
f 913/941/476 655/943/476 254/596/476 639/747/476
f 658/942/477 913/941/477 639/747/477 253/746/477
f 255/711/478 640/710/478 914/944/478 657/945/478
f 640/710/479 256/709/479 656/946/479 914/944/479
f 914/944/480 656/946/480 194/236/480 609/947/480
f 657/945/481 914/944/481 609/947/481 193/322/481
f 170/630/482 490/629/482 915/948/482 703/949/482
f 490/629/483 138/536/483 702/950/483 915/948/483
f 915/948/484 702/950/484 212/863/484 618/860/484
f 703/949/485 915/948/485 618/860/485 211/859/485
f 175/662/486 595/951/486 916/952/486 705/953/486
f 595/951/487 174/390/487 704/954/487 916/952/487
f 916/952/488 704/954/488 219/877/488 666/955/488
f 705/953/489 916/952/489 666/955/489 221/885/489
f 139/532/490 491/956/490 917/957/490 707/958/490
f 491/956/491 171/637/491 706/959/491 917/957/491
f 917/957/492 706/959/492 213/867/492 619/960/492
f 707/958/493 917/957/493 619/960/493 214/865/493
f 160/448/494 544/961/494 918/962/494 683/708/494
f 544/961/495 129/236/495 708/235/495 918/962/495
f 918/962/496 708/235/496 194/236/496 656/963/496
f 683/708/497 918/962/497 656/963/497 256/709/497
f 134/552/498 518/964/498 919/965/498 685/694/498
f 518/964/499 135/548/499 690/669/499 919/965/499
f 919/965/500 690/669/500 206/673/500 643/966/500
f 685/694/501 919/965/501 643/966/501 204/695/501
f 172/642/502 492/641/502 920/967/502 710/968/502
f 492/641/503 140/528/503 709/969/503 920/967/503
f 920/967/504 709/969/504 216/872/504 620/869/504
f 710/968/505 920/967/505 620/869/505 215/868/505
f 173/650/506 597/970/506 921/971/506 711/972/506
f 597/970/507 172/642/507 710/968/507 921/971/507
f 921/971/508 710/968/508 215/868/508 667/973/508
f 711/972/509 921/971/509 667/973/509 217/876/509
f 141/524/510 493/974/510 922/975/510 712/976/510
f 493/974/511 173/650/511 711/972/511 922/975/511
f 922/975/512 711/972/512 217/876/512 621/977/512
f 712/976/513 922/975/513 621/977/513 218/874/513
f 136/544/514 520/978/514 923/979/514 695/633/514
f 520/978/515 137/540/515 700/607/515 923/979/515
f 923/979/516 700/607/516 210/612/516 644/857/516
f 695/633/517 923/979/517 644/857/517 208/634/517
f 174/390/518 494/654/518 924/980/518 704/954/518
f 494/654/519 142/520/519 713/981/519 924/980/519
f 924/980/520 713/981/520 220/881/520 622/878/520
f 704/954/521 924/980/521 622/878/521 219/877/521
f 171/637/522 599/982/522 925/983/522 706/959/522
f 599/982/523 170/630/523 703/949/523 925/983/523
f 925/983/524 703/949/524 211/859/524 668/984/524
f 706/959/525 925/983/525 668/984/525 213/867/525
f 143/516/526 495/985/526 926/986/526 714/987/526
f 495/985/527 175/662/527 705/953/527 926/986/527
f 926/986/528 705/953/528 221/885/528 623/884/528
f 714/987/529 926/986/529 623/884/529 222/883/529
f 138/536/530 522/988/530 927/989/530 702/950/530
f 522/988/531 139/532/531 707/958/531 927/989/531
f 927/989/532 707/958/532 214/865/532 645/990/532
f 702/950/533 927/989/533 645/990/533 212/863/533
f 176/621/534 496/666/534 928/991/534 697/622/534
f 496/666/535 144/512/535 715/992/535 928/991/535
f 928/991/536 715/992/536 224/889/536 624/886/536
f 697/622/537 928/991/537 624/886/537 223/623/537
f 169/608/538 601/993/538 929/994/538 699/609/538
f 601/993/539 168/618/539 696/632/539 929/994/539
f 929/994/540 696/632/540 207/636/540 669/856/540
f 699/609/541 929/994/541 669/856/541 209/610/541
f 145/508/542 497/995/542 930/996/542 716/997/542
f 497/995/543 177/377/543 698/620/543 930/996/543
f 930/996/544 698/620/544 225/625/544 625/892/544
f 716/997/545 930/996/545 625/892/545 226/891/545
f 140/528/546 524/998/546 931/999/546 709/969/546
f 524/998/547 141/524/547 712/976/547 931/999/547
f 931/999/548 712/976/548 218/874/548 646/1000/548
f 709/969/549 931/999/549 646/1000/549 216/872/549
f 178/678/550 498/677/550 932/1001/550 687/683/550
f 498/677/551 146/504/551 717/1002/551 932/1001/551
f 932/1001/552 717/1002/552 228/896/552 626/893/552
f 687/683/553 932/1001/553 626/893/553 227/684/553
f 167/613/554 603/1003/554 933/1004/554 689/670/554
f 603/1003/555 166/604/555 686/693/555 933/1004/555
f 933/1004/556 686/693/556 203/697/556 670/852/556
f 689/670/557 933/1004/557 670/852/557 205/671/557
f 161/322/558 577/1005/558 934/1006/558 718/323/558
f 577/1005/559 192/704/559 684/707/559 934/1006/559
f 934/1006/560 684/707/560 255/711/560 657/1007/560
f 718/323/561 934/1006/561 657/1007/561 193/322/561
f 147/500/562 499/1008/562 935/1009/562 719/1010/562
f 499/1008/563 179/679/563 688/682/563 935/1009/563
f 935/1009/564 688/682/564 229/686/564 627/899/564
f 719/1010/565 935/1009/565 627/899/565 230/898/565
f 142/520/566 526/1011/566 936/1012/566 713/981/566
f 526/1011/567 143/516/567 714/987/567 936/1012/567
f 936/1012/568 714/987/568 222/883/568 647/882/568
f 713/981/569 936/1012/569 647/882/569 220/881/569
f 180/691/570 500/690/570 937/1013/570 675/757/570
f 500/690/571 148/496/571 720/1014/571 937/1013/571
f 937/1013/572 720/1014/572 232/903/572 628/900/572
f 675/757/573 937/1013/573 628/900/573 231/758/573
f 165/599/574 605/1015/574 938/1016/574 679/733/574
f 605/1015/575 164/591/575 674/765/575 938/1016/575
f 938/1016/576 674/765/576 199/767/576 671/1017/576
f 679/733/577 938/1016/577 671/1017/577 201/734/577
f 191/744/578 579/1018/578 939/1019/578 677/745/578
f 579/1018/579 190/753/579 721/1020/579 939/1019/579
f 939/1019/580 721/1020/580 251/939/580 658/942/580
f 677/745/581 939/1019/581 658/942/581 253/746/581
f 149/492/582 501/1021/582 940/1022/582 722/1023/582
f 501/1021/583 181/698/583 676/756/583 940/1022/583
f 940/1022/584 676/756/584 233/760/584 629/1024/584
f 722/1023/585 940/1022/585 629/1024/585 234/905/585
f 144/512/586 528/1025/586 941/1026/586 715/992/586
f 528/1025/587 145/508/587 716/997/587 941/1026/587
f 941/1026/588 716/997/588 226/891/588 648/890/588
f 715/992/589 941/1026/589 648/890/589 224/889/589
f 182/703/590 502/702/590 942/1027/590 724/1028/590
f 502/702/591 150/488/591 723/1029/591 942/1027/591
f 942/1027/592 723/1029/592 236/911/592 630/908/592
f 724/1028/593 942/1027/593 630/908/593 235/907/593
f 163/586/594 607/1030/594 943/1031/594 726/1032/594
f 607/1030/595 162/578/595 725/1033/595 943/1031/595
f 943/1031/596 725/1033/596 195/840/596 672/843/596
f 726/1032/597 943/1031/597 672/843/597 197/846/597
f 189/748/598 581/1034/598 944/1035/598 728/1036/598
f 581/1034/599 188/741/599 727/1037/599 944/1035/599
f 944/1035/600 727/1037/600 247/932/600 659/1038/600
f 728/1036/601 944/1035/601 659/1038/601 249/938/601
f 151/484/602 503/1039/602 945/1040/602 730/1041/602
f 503/1039/603 183/712/603 729/1042/603 945/1040/603
f 945/1040/604 729/1042/604 237/915/604 631/1043/604
f 730/1041/605 945/1040/605 631/1043/605 238/913/605
f 146/504/606 530/1044/606 946/1045/606 717/1002/606
f 530/1044/607 147/500/607 719/1010/607 946/1045/607
f 946/1045/608 719/1010/608 230/898/608 649/1046/608
f 717/1002/609 946/1045/609 649/1046/609 228/896/609
f 184/717/610 504/716/610 947/1047/610 732/1048/610
f 504/716/611 152/480/611 731/1049/611 947/1047/611
f 947/1047/612 731/1049/612 240/920/612 632/917/612
f 732/1048/613 947/1047/613 632/917/613 239/916/613
f 187/736/614 583/1050/614 948/1051/614 734/1052/614
f 583/1050/615 186/730/615 733/1053/615 948/1051/615
f 948/1051/616 733/1053/616 243/925/616 660/1054/616
f 734/1052/617 948/1051/617 660/1054/617 245/931/617
f 153/476/618 505/1055/618 949/1056/618 736/1057/618
f 505/1055/619 185/725/619 735/1058/619 949/1056/619
f 949/1056/620 735/1058/620 241/924/620 633/923/620
f 736/1057/621 949/1056/621 633/923/621 242/922/621
f 148/496/622 532/1059/622 950/1060/622 720/1014/622
f 532/1059/623 149/492/623 722/1023/623 950/1060/623
f 950/1060/624 722/1023/624 234/905/624 650/904/624
f 720/1014/625 950/1060/625 650/904/625 232/903/625
f 186/730/626 506/729/626 951/1061/626 733/1053/626
f 506/729/627 154/472/627 682/720/627 951/1061/627
f 951/1061/628 682/720/628 244/724/628 634/926/628
f 733/1053/629 951/1061/629 634/926/629 243/925/629
f 185/725/630 585/1062/630 952/1063/630 735/1058/630
f 585/1062/631 184/717/631 732/1048/631 952/1063/631
f 952/1063/632 732/1048/632 239/916/632 661/919/632
f 735/1058/633 952/1063/633 661/919/633 241/924/633
f 155/468/634 507/1064/634 953/1065/634 681/721/634
f 507/1064/635 187/736/635 734/1052/635 953/1065/635
f 953/1065/636 734/1052/636 245/931/636 635/1066/636
f 681/721/637 953/1065/637 635/1066/637 246/722/637
f 129/1/638 481/1067/638 954/1068/638 708/2/638
f 481/1067/639 161/447/639 718/444/639 954/1068/639
f 954/1068/640 718/444/640 193/444/640 609/1069/640
f 708/2/641 954/1068/641 609/1069/641 194/2/641
f 150/488/642 534/1070/642 955/1071/642 723/1029/642
f 534/1070/643 151/484/643 730/1041/643 955/1071/643
f 955/1071/644 730/1041/644 238/913/644 651/1072/644
f 723/1029/645 955/1071/645 651/1072/645 236/911/645
f 188/741/646 508/740/646 956/1073/646 727/1037/646
f 508/740/647 156/464/647 692/657/647 956/1073/647
f 956/1073/648 692/657/648 248/661/648 636/933/648
f 727/1037/649 956/1073/649 636/933/649 247/932/649
f 162/578/650 482/577/650 957/1074/650 725/1033/650
f 482/577/651 130/568/651 694/645/651 957/1074/651
f 957/1074/652 694/645/652 196/649/652 610/841/652
f 725/1033/653 957/1074/653 610/841/653 195/840/653
f 183/712/654 587/1075/654 958/1076/654 729/1042/654
f 587/1075/655 182/703/655 724/1028/655 958/1076/655
f 958/1076/656 724/1028/656 235/907/656 662/1077/656
f 729/1042/657 958/1076/657 662/1077/657 237/915/657
f 157/460/658 509/1078/658 959/1079/658 691/658/658
f 509/1078/659 189/748/659 728/1036/659 959/1079/659
f 959/1079/660 728/1036/660 249/938/660 637/937/660
f 691/658/661 959/1079/661 637/937/661 250/659/661
f 131/564/662 483/1080/662 960/1081/662 693/646/662
f 483/1080/663 163/586/663 726/1032/663 960/1081/663
f 960/1081/664 726/1032/664 197/846/664 611/845/664
f 693/646/665 960/1081/665 611/845/665 198/647/665
f 152/480/666 536/1082/666 961/1083/666 731/1049/666
f 536/1082/667 153/476/667 736/1057/667 961/1083/667
f 961/1083/668 736/1057/668 242/922/668 652/921/668
f 731/1049/669 961/1083/669 652/921/669 240/920/669
f 190/753/670 510/752/670 962/1084/670 721/1020/670
f 510/752/671 158/456/671 701/594/671 962/1084/671
f 962/1084/672 701/594/672 252/598/672 638/940/672
f 721/1020/673 962/1084/673 638/940/673 251/939/673
